"function_name","func_params","condition_number","initial_point","optimizer","optimizer_params","tolerance","max_iterations","final_point","final_value","iterations_taken","func_evals","grad_evals","grad_norm","status","message"
"Функция Бута","{}","","[-3.,  7.]","GD (Const LR=0.001)","{'learning_rate_config': 'constant_lr(0.001)'}",1e-06,2000,"[0.927, 3.073]","0.01065",2000,2001,2001,"2.0639e-01",0,"Custom optimizer converged (assumed)"
"Функция Бута","{}","","[-3.,  7.]","GD (Const LR=0.01)","{'learning_rate_config': 'constant_lr(0.01)'}",1e-06,2000,"[1., 3.]","0.00000",804,805,805,"9.9855e-07",0,"Custom optimizer converged (assumed)"
"Функция Бута","{}","","[-3.,  7.]","GD (ExpDecay LR)","{'learning_rate_config': 'exponential_decay_lr(0.01, 0.95, 100)'}",1e-06,2000,"[1., 3.]","0.00000",1039,1040,1040,"9.9991e-07",0,"Custom optimizer converged (assumed)"
"Функция Бута","{}","","[-3.,  7.]","GD (StepDecay LR)","{'learning_rate_config': 'step_decay_lr(0.01, 0.5, 500)'}",1e-06,2000,"[1., 3.]","0.00000",1226,1227,1227,"9.9736e-07",0,"Custom optimizer converged (assumed)"
"Функция Бута","{}","","[-3.,  7.]","GD (LineSearch GS)","{'line_search_tol': 1e-07, 'learning_rate_config': 'GoldenSectionLineSearch'}",1e-06,2000,"[1., 3.]","0.00000",1,39,2,"5.4832e-07",0,"Custom optimizer converged (assumed)"
"Функция Бута","{}","","[-3.,  7.]","GD (Armijo LS)","{'initial_alpha': 1.0, 'c1_armijo': 0.0001, 'rho_armijo': 0.5, 'alpha_min_armijo': 1e-10, 'learning_rate_config': 'ArmijoLS(init_a=1.0,c1=1e-4,rho=0.5)'}",1e-06,2000,"[1., 3.]","0.00000",1,4,2,"0.0000e+00",0,"Custom optimizer converged (assumed)"
"Функция Бута","{}","","[-3.,  7.]","SciPy (Nelder-Mead)","{'method': 'Nelder-Mead'}",1e-06,1000,"[1., 3.]","0.00000",59,114,"0 (grad not used)","4.3015e-06",0,"Optimization terminated successfully."
"Функция Бута","{}","","[-3.,  7.]","SciPy (BFGS)","{'method': 'BFGS'}",1e-06,1000,"[1., 3.]","0.00000",3,4,4,"0.0000e+00",0,"Optimization terminated successfully."
"Функция Бута","{}","","[-3.,  7.]","SciPy (CG)","{'method': 'CG'}",1e-06,1000,"[1., 3.]","0.00000",3,7,7,"1.2137e-08",0,"Optimization terminated successfully."
"Функция Бута","{}","","[-3.,  7.]","Torch (SGD Const LR)","{'learning_rate_config': {'type': 'constant', 'initial_lr': 0.001}}",1e-06,20000,"[1., 3.]","0.00000",8113,8114,8114,"9.9928e-07",0,"Gradient norm below tolerance."
"Функция Бута","{}","","[-3.,  7.]","Torch (SGD ExpDecay LR)","{'learning_rate_config': {'type': 'exponential', 'initial_lr': 0.01, 'decay_rate': 0.95, 'decay_steps': 100}}",1e-06,20000,"[1., 3.]","0.00000",1039,1040,1040,"9.9991e-07",0,"Gradient norm below tolerance."
"Функция Бута","{}","","[-3.,  7.]","Torch (SGD StepDecay LR)","{'learning_rate_config': {'type': 'step', 'initial_lr': 0.01, 'drop_rate': 0.5, 'epochs_drop': 500}}",1e-06,20000,"[1., 3.]","0.00000",1223,1224,1224,"9.9721e-07",0,"Gradient norm below tolerance."
"Функция Бута","{}","","[ 5., -1.]","GD (Const LR=0.001)","{'learning_rate_config': 'constant_lr(0.001)'}",1e-06,2000,"[1.073, 2.927]","0.01065",2000,2001,2001,"2.0639e-01",0,"Custom optimizer converged (assumed)"
"Функция Бута","{}","","[ 5., -1.]","GD (Const LR=0.01)","{'learning_rate_config': 'constant_lr(0.01)'}",1e-06,2000,"[1., 3.]","0.00000",804,805,805,"9.9855e-07",0,"Custom optimizer converged (assumed)"
"Функция Бута","{}","","[ 5., -1.]","GD (ExpDecay LR)","{'learning_rate_config': 'exponential_decay_lr(0.01, 0.95, 100)'}",1e-06,2000,"[1., 3.]","0.00000",1039,1040,1040,"9.9991e-07",0,"Custom optimizer converged (assumed)"
"Функция Бута","{}","","[ 5., -1.]","GD (StepDecay LR)","{'learning_rate_config': 'step_decay_lr(0.01, 0.5, 500)'}",1e-06,2000,"[1., 3.]","0.00000",1226,1227,1227,"9.9736e-07",0,"Custom optimizer converged (assumed)"
"Функция Бута","{}","","[ 5., -1.]","GD (LineSearch GS)","{'line_search_tol': 1e-07, 'learning_rate_config': 'GoldenSectionLineSearch'}",1e-06,2000,"[1., 3.]","0.00000",1,39,2,"5.4832e-07",0,"Custom optimizer converged (assumed)"
"Функция Бута","{}","","[ 5., -1.]","GD (Armijo LS)","{'initial_alpha': 1.0, 'c1_armijo': 0.0001, 'rho_armijo': 0.5, 'alpha_min_armijo': 1e-10, 'learning_rate_config': 'ArmijoLS(init_a=1.0,c1=1e-4,rho=0.5)'}",1e-06,2000,"[1., 3.]","0.00000",1,4,2,"0.0000e+00",0,"Custom optimizer converged (assumed)"
"Функция Бута","{}","","[ 5., -1.]","SciPy (Nelder-Mead)","{'method': 'Nelder-Mead'}",1e-06,1000,"[1., 3.]","0.00000",61,118,"0 (grad not used)","2.8244e-06",0,"Optimization terminated successfully."
"Функция Бута","{}","","[ 5., -1.]","SciPy (BFGS)","{'method': 'BFGS'}",1e-06,1000,"[1., 3.]","0.00000",3,4,4,"1.8087e-13",0,"Optimization terminated successfully."
"Функция Бута","{}","","[ 5., -1.]","SciPy (CG)","{'method': 'CG'}",1e-06,1000,"[1., 3.]","0.00000",3,7,7,"1.2137e-08",0,"Optimization terminated successfully."
"Функция Бута","{}","","[ 5., -1.]","Torch (SGD Const LR)","{'learning_rate_config': {'type': 'constant', 'initial_lr': 0.001}}",1e-06,20000,"[1., 3.]","0.00000",8113,8114,8114,"9.9928e-07",0,"Gradient norm below tolerance."
"Функция Бута","{}","","[ 5., -1.]","Torch (SGD ExpDecay LR)","{'learning_rate_config': {'type': 'exponential', 'initial_lr': 0.01, 'decay_rate': 0.95, 'decay_steps': 100}}",1e-06,20000,"[1., 3.]","0.00000",1039,1040,1040,"9.9991e-07",0,"Gradient norm below tolerance."
"Функция Бута","{}","","[ 5., -1.]","Torch (SGD StepDecay LR)","{'learning_rate_config': {'type': 'step', 'initial_lr': 0.01, 'drop_rate': 0.5, 'epochs_drop': 500}}",1e-06,20000,"[1., 3.]","0.00000",1223,1224,1224,"9.9721e-07",0,"Gradient norm below tolerance."
"Функция Бута","{}","","[-4., -1.]","GD (Const LR=0.001)","{'learning_rate_config': 'constant_lr(0.001)'}",1e-06,2000,"[0.991, 3.009]","0.00017",2000,2001,2001,"2.5799e-02",0,"Custom optimizer converged (assumed)"
"Функция Бута","{}","","[-4., -1.]","GD (Const LR=0.01)","{'learning_rate_config': 'constant_lr(0.01)'}",1e-06,2000,"[1., 3.]","0.00000",701,702,702,"9.9999e-07",0,"Custom optimizer converged (assumed)"
"Функция Бута","{}","","[-4., -1.]","GD (ExpDecay LR)","{'learning_rate_config': 'exponential_decay_lr(0.01, 0.95, 100)'}",1e-06,2000,"[1., 3.]","0.00000",871,872,872,"9.9313e-07",0,"Custom optimizer converged (assumed)"
"Функция Бута","{}","","[-4., -1.]","GD (StepDecay LR)","{'learning_rate_config': 'step_decay_lr(0.01, 0.5, 500)'}",1e-06,2000,"[1., 3.]","0.00000",906,907,907,"9.9049e-07",0,"Custom optimizer converged (assumed)"
"Функция Бута","{}","","[-4., -1.]","GD (LineSearch GS)","{'line_search_tol': 1e-07, 'learning_rate_config': 'GoldenSectionLineSearch'}",1e-06,2000,"[1., 3.]","0.00000",6,229,7,"1.4672e-07",0,"Custom optimizer converged (assumed)"
"Функция Бута","{}","","[-4., -1.]","GD (Armijo LS)","{'initial_alpha': 1.0, 'c1_armijo': 0.0001, 'rho_armijo': 0.5, 'alpha_min_armijo': 1e-10, 'learning_rate_config': 'ArmijoLS(init_a=1.0,c1=1e-4,rho=0.5)'}",1e-06,2000,"[1., 3.]","0.00000",38,194,39,"6.0187e-07",0,"Custom optimizer converged (assumed)"
"Функция Бута","{}","","[-4., -1.]","SciPy (Nelder-Mead)","{'method': 'Nelder-Mead'}",1e-06,1000,"[1., 3.]","0.00000",72,136,"0 (grad not used)","1.8693e-06",0,"Optimization terminated successfully."
"Функция Бута","{}","","[-4., -1.]","SciPy (BFGS)","{'method': 'BFGS'}",1e-06,1000,"[1., 3.]","0.00000",6,8,8,"0.0000e+00",0,"Optimization terminated successfully."
"Функция Бута","{}","","[-4., -1.]","SciPy (CG)","{'method': 'CG'}",1e-06,1000,"[1., 3.]","0.00000",3,7,7,"1.0049e-14",0,"Optimization terminated successfully."
"Функция Бута","{}","","[-4., -1.]","Torch (SGD Const LR)","{'learning_rate_config': {'type': 'constant', 'initial_lr': 0.001}}",1e-06,20000,"[1., 3.]","0.00000",7074,7075,7075,"9.9992e-07",0,"Gradient norm below tolerance."
"Функция Бута","{}","","[-4., -1.]","Torch (SGD ExpDecay LR)","{'learning_rate_config': {'type': 'exponential', 'initial_lr': 0.01, 'decay_rate': 0.95, 'decay_steps': 100}}",1e-06,20000,"[1., 3.]","0.00000",871,872,872,"9.9313e-07",0,"Gradient norm below tolerance."
"Функция Бута","{}","","[-4., -1.]","Torch (SGD StepDecay LR)","{'learning_rate_config': {'type': 'step', 'initial_lr': 0.01, 'drop_rate': 0.5, 'epochs_drop': 500}}",1e-06,20000,"[1., 3.]","0.00000",905,906,906,"9.9039e-07",0,"Gradient norm below tolerance."
"Зашумленная Функция Бута (σ=0.1)","{'noise_sigma': 0.1}","","[-3.,  7.]","GD (Const LR=0.001)","{'learning_rate_config': 'constant_lr(0.001)'}",1e-06,2000,"[0.927, 3.073]","0.08214",2000,2001,2001,"2.0639e-01",0,"Custom optimizer converged (assumed)"
"Зашумленная Функция Бута (σ=0.1)","{'noise_sigma': 0.1}","","[-3.,  7.]","GD (Const LR=0.01)","{'learning_rate_config': 'constant_lr(0.01)'}",1e-06,2000,"[1., 3.]","-0.03538",804,805,805,"9.9855e-07",0,"Custom optimizer converged (assumed)"
"Зашумленная Функция Бута (σ=0.1)","{'noise_sigma': 0.1}","","[-3.,  7.]","GD (ExpDecay LR)","{'learning_rate_config': 'exponential_decay_lr(0.01, 0.95, 100)'}",1e-06,2000,"[1., 3.]","0.09186",1039,1040,1040,"9.9991e-07",0,"Custom optimizer converged (assumed)"
"Зашумленная Функция Бута (σ=0.1)","{'noise_sigma': 0.1}","","[-3.,  7.]","GD (StepDecay LR)","{'learning_rate_config': 'step_decay_lr(0.01, 0.5, 500)'}",1e-06,2000,"[1., 3.]","0.15197",1226,1227,1227,"9.9736e-07",0,"Custom optimizer converged (assumed)"
"Зашумленная Функция Бута (σ=0.1)","{'noise_sigma': 0.1}","","[-3.,  7.]","GD (LineSearch GS)","{'line_search_tol': 1e-07, 'learning_rate_config': 'GoldenSectionLineSearch'}",1e-06,2000,"[1., 3.]","0.03774",12,457,13,"5.8593e-08",0,"Custom optimizer converged (assumed)"
"Зашумленная Функция Бута (σ=0.1)","{'noise_sigma': 0.1}","","[-3.,  7.]","GD (Armijo LS)","{'initial_alpha': 1.0, 'c1_armijo': 0.0001, 'rho_armijo': 0.5, 'alpha_min_armijo': 1e-10, 'learning_rate_config': 'ArmijoLS(init_a=1.0,c1=1e-4,rho=0.5)'}",1e-06,2000,"[1., 3.]","-0.20170",2,6,3,"0.0000e+00",0,"Custom optimizer converged (assumed)"
"Зашумленная Функция Бута (σ=0.1)","{'noise_sigma': 0.1}","","[-3.,  7.]","SciPy (Nelder-Mead)","{'method': 'Nelder-Mead'}",1e-06,1000,"[1.039, 2.921]","-0.33163",1000,2640,"0 (grad not used)","5.2642e-01",2,"Maximum number of iterations has been exceeded."
"Зашумленная Функция Бута (σ=0.1)","{'noise_sigma': 0.1}","","[-3.,  7.]","SciPy (BFGS)","{'method': 'BFGS'}",1e-06,1000,"[1., 3.]","0.01887",3,4,4,"0.0000e+00",0,"Optimization terminated successfully."
"Зашумленная Функция Бута (σ=0.1)","{'noise_sigma': 0.1}","","[-3.,  7.]","SciPy (CG)","{'method': 'CG'}",1e-06,1000,"[1., 3.]","0.00507",2,5,5,"0.0000e+00",0,"Optimization terminated successfully."
"Зашумленная Функция Бута (σ=0.1)","{'noise_sigma': 0.1}","","[-3.,  7.]","Torch (SGD Const LR)","{'learning_rate_config': {'type': 'constant', 'initial_lr': 0.001}}",1e-06,20000,"[1., 3.]","0.01931",8113,8114,8114,"9.9928e-07",0,"Gradient norm below tolerance."
"Зашумленная Функция Бута (σ=0.1)","{'noise_sigma': 0.1}","","[-3.,  7.]","Torch (SGD ExpDecay LR)","{'learning_rate_config': {'type': 'exponential', 'initial_lr': 0.01, 'decay_rate': 0.95, 'decay_steps': 100}}",1e-06,20000,"[1., 3.]","-0.07041",1039,1040,1040,"9.9991e-07",0,"Gradient norm below tolerance."
"Зашумленная Функция Бута (σ=0.1)","{'noise_sigma': 0.1}","","[-3.,  7.]","Torch (SGD StepDecay LR)","{'learning_rate_config': {'type': 'step', 'initial_lr': 0.01, 'drop_rate': 0.5, 'epochs_drop': 500}}",1e-06,20000,"[1., 3.]","-0.00443",1223,1224,1224,"9.9721e-07",0,"Gradient norm below tolerance."
"Зашумленная Функция Бута (σ=0.1)","{'noise_sigma': 0.1}","","[ 5., -1.]","GD (Const LR=0.001)","{'learning_rate_config': 'constant_lr(0.001)'}",1e-06,2000,"[1.073, 2.927]","0.14121",2000,2001,2001,"2.0639e-01",0,"Custom optimizer converged (assumed)"
"Зашумленная Функция Бута (σ=0.1)","{'noise_sigma': 0.1}","","[ 5., -1.]","GD (Const LR=0.01)","{'learning_rate_config': 'constant_lr(0.01)'}",1e-06,2000,"[1., 3.]","0.09532",804,805,805,"9.9855e-07",0,"Custom optimizer converged (assumed)"
"Зашумленная Функция Бута (σ=0.1)","{'noise_sigma': 0.1}","","[ 5., -1.]","GD (ExpDecay LR)","{'learning_rate_config': 'exponential_decay_lr(0.01, 0.95, 100)'}",1e-06,2000,"[1., 3.]","0.01659",1039,1040,1040,"9.9991e-07",0,"Custom optimizer converged (assumed)"
"Зашумленная Функция Бута (σ=0.1)","{'noise_sigma': 0.1}","","[ 5., -1.]","GD (StepDecay LR)","{'learning_rate_config': 'step_decay_lr(0.01, 0.5, 500)'}",1e-06,2000,"[1., 3.]","0.05055",1226,1227,1227,"9.9736e-07",0,"Custom optimizer converged (assumed)"
"Зашумленная Функция Бута (σ=0.1)","{'noise_sigma': 0.1}","","[ 5., -1.]","GD (LineSearch GS)","{'line_search_tol': 1e-07, 'learning_rate_config': 'GoldenSectionLineSearch'}",1e-06,2000,"[1., 3.]","-0.11108",12,457,13,"6.1443e-07",0,"Custom optimizer converged (assumed)"
"Зашумленная Функция Бута (σ=0.1)","{'noise_sigma': 0.1}","","[ 5., -1.]","GD (Armijo LS)","{'initial_alpha': 1.0, 'c1_armijo': 0.0001, 'rho_armijo': 0.5, 'alpha_min_armijo': 1e-10, 'learning_rate_config': 'ArmijoLS(init_a=1.0,c1=1e-4,rho=0.5)'}",1e-06,2000,"[1., 3.]","0.17683",1,4,2,"0.0000e+00",0,"Custom optimizer converged (assumed)"
"Зашумленная Функция Бута (σ=0.1)","{'noise_sigma': 0.1}","","[ 5., -1.]","SciPy (Nelder-Mead)","{'method': 'Nelder-Mead'}",1e-06,1000,"[0.752, 3.255]","-0.23405",1000,2559,"0 (grad not used)","7.1595e-01",2,"Maximum number of iterations has been exceeded."
"Зашумленная Функция Бута (σ=0.1)","{'noise_sigma': 0.1}","","[ 5., -1.]","SciPy (BFGS)","{'method': 'BFGS'}",1e-06,1000,"[1., 3.]","0.00055",3,4,4,"0.0000e+00",0,"Optimization terminated successfully."
"Зашумленная Функция Бута (σ=0.1)","{'noise_sigma': 0.1}","","[ 5., -1.]","SciPy (CG)","{'method': 'CG'}",1e-06,1000,"[1., 3.]","0.14589",2,5,5,"0.0000e+00",0,"Optimization terminated successfully."
"Зашумленная Функция Бута (σ=0.1)","{'noise_sigma': 0.1}","","[ 5., -1.]","Torch (SGD Const LR)","{'learning_rate_config': {'type': 'constant', 'initial_lr': 0.001}}",1e-06,20000,"[1., 3.]","0.02630",8113,8114,8114,"9.9928e-07",0,"Gradient norm below tolerance."
"Зашумленная Функция Бута (σ=0.1)","{'noise_sigma': 0.1}","","[ 5., -1.]","Torch (SGD ExpDecay LR)","{'learning_rate_config': {'type': 'exponential', 'initial_lr': 0.01, 'decay_rate': 0.95, 'decay_steps': 100}}",1e-06,20000,"[1., 3.]","0.01327",1039,1040,1040,"9.9991e-07",0,"Gradient norm below tolerance."
"Зашумленная Функция Бута (σ=0.1)","{'noise_sigma': 0.1}","","[ 5., -1.]","Torch (SGD StepDecay LR)","{'learning_rate_config': {'type': 'step', 'initial_lr': 0.01, 'drop_rate': 0.5, 'epochs_drop': 500}}",1e-06,20000,"[1., 3.]","-0.11441",1223,1224,1224,"9.9721e-07",0,"Gradient norm below tolerance."
"Зашумленная Функция Бута (σ=0.1)","{'noise_sigma': 0.1}","","[-4., -1.]","GD (Const LR=0.001)","{'learning_rate_config': 'constant_lr(0.001)'}",1e-06,2000,"[0.991, 3.009]","-0.17243",2000,2001,2001,"2.5799e-02",0,"Custom optimizer converged (assumed)"
"Зашумленная Функция Бута (σ=0.1)","{'noise_sigma': 0.1}","","[-4., -1.]","GD (Const LR=0.01)","{'learning_rate_config': 'constant_lr(0.01)'}",1e-06,2000,"[1., 3.]","0.01692",701,702,702,"9.9999e-07",0,"Custom optimizer converged (assumed)"
"Зашумленная Функция Бута (σ=0.1)","{'noise_sigma': 0.1}","","[-4., -1.]","GD (ExpDecay LR)","{'learning_rate_config': 'exponential_decay_lr(0.01, 0.95, 100)'}",1e-06,2000,"[1., 3.]","-0.02478",871,872,872,"9.9313e-07",0,"Custom optimizer converged (assumed)"
"Зашумленная Функция Бута (σ=0.1)","{'noise_sigma': 0.1}","","[-4., -1.]","GD (StepDecay LR)","{'learning_rate_config': 'step_decay_lr(0.01, 0.5, 500)'}",1e-06,2000,"[1., 3.]","-0.01613",906,907,907,"9.9049e-07",0,"Custom optimizer converged (assumed)"
"Зашумленная Функция Бута (σ=0.1)","{'noise_sigma': 0.1}","","[-4., -1.]","GD (LineSearch GS)","{'line_search_tol': 1e-07, 'learning_rate_config': 'GoldenSectionLineSearch'}",1e-06,2000,"[1.038, 3.038]","-0.13120",2000,76001,2001,"9.7973e-01",0,"Custom optimizer converged (assumed)"
"Зашумленная Функция Бута (σ=0.1)","{'noise_sigma': 0.1}","","[-4., -1.]","GD (Armijo LS)","{'initial_alpha': 1.0, 'c1_armijo': 0.0001, 'rho_armijo': 0.5, 'alpha_min_armijo': 1e-10, 'learning_rate_config': 'ArmijoLS(init_a=1.0,c1=1e-4,rho=0.5)'}",1e-06,2000,"[0.968, 2.968]","-0.20864",44,297,45,"8.2473e-01",0,"Custom optimizer converged (assumed)"
"Зашумленная Функция Бута (σ=0.1)","{'noise_sigma': 0.1}","","[-4., -1.]","SciPy (Nelder-Mead)","{'method': 'Nelder-Mead'}",1e-06,1000,"[0.909, 3.133]","-0.27475",1000,2550,"0 (grad not used)","6.2461e-01",2,"Maximum number of iterations has been exceeded."
"Зашумленная Функция Бута (σ=0.1)","{'noise_sigma': 0.1}","","[-4., -1.]","SciPy (BFGS)","{'method': 'BFGS'}",1e-06,1000,"[0.947, 3.073]","-0.19959",4,23,11,"3.0851e-01",2,"Desired error not necessarily achieved due to precision loss."
"Зашумленная Функция Бута (σ=0.1)","{'noise_sigma': 0.1}","","[-4., -1.]","SciPy (CG)","{'method': 'CG'}",1e-06,1000,"[1., 3.]","-0.10778",5,15,14,"2.2263e-10",0,"Optimization terminated successfully."
"Зашумленная Функция Бута (σ=0.1)","{'noise_sigma': 0.1}","","[-4., -1.]","Torch (SGD Const LR)","{'learning_rate_config': {'type': 'constant', 'initial_lr': 0.001}}",1e-06,20000,"[1., 3.]","0.18682",7074,7075,7075,"9.9992e-07",0,"Gradient norm below tolerance."
"Зашумленная Функция Бута (σ=0.1)","{'noise_sigma': 0.1}","","[-4., -1.]","Torch (SGD ExpDecay LR)","{'learning_rate_config': {'type': 'exponential', 'initial_lr': 0.01, 'decay_rate': 0.95, 'decay_steps': 100}}",1e-06,20000,"[1., 3.]","-0.00220",871,872,872,"9.9313e-07",0,"Gradient norm below tolerance."
"Зашумленная Функция Бута (σ=0.1)","{'noise_sigma': 0.1}","","[-4., -1.]","Torch (SGD StepDecay LR)","{'learning_rate_config': {'type': 'step', 'initial_lr': 0.01, 'drop_rate': 0.5, 'epochs_drop': 500}}",1e-06,20000,"[1., 3.]","0.06940",905,906,906,"9.9039e-07",0,"Gradient norm below tolerance."
"Зашумленная Функция Бута (σ=0.5)","{'noise_sigma': 0.5}","","[-3.,  7.]","GD (Const LR=0.001)","{'learning_rate_config': 'constant_lr(0.001)'}",1e-06,2000,"[0.927, 3.073]","-0.24320",2000,2001,2001,"2.0639e-01",0,"Custom optimizer converged (assumed)"
"Зашумленная Функция Бута (σ=0.5)","{'noise_sigma': 0.5}","","[-3.,  7.]","GD (Const LR=0.01)","{'learning_rate_config': 'constant_lr(0.01)'}",1e-06,2000,"[1., 3.]","0.23713",804,805,805,"9.9855e-07",0,"Custom optimizer converged (assumed)"
"Зашумленная Функция Бута (σ=0.5)","{'noise_sigma': 0.5}","","[-3.,  7.]","GD (ExpDecay LR)","{'learning_rate_config': 'exponential_decay_lr(0.01, 0.95, 100)'}",1e-06,2000,"[1., 3.]","-0.06488",1039,1040,1040,"9.9991e-07",0,"Custom optimizer converged (assumed)"
"Зашумленная Функция Бута (σ=0.5)","{'noise_sigma': 0.5}","","[-3.,  7.]","GD (StepDecay LR)","{'learning_rate_config': 'step_decay_lr(0.01, 0.5, 500)'}",1e-06,2000,"[1., 3.]","-0.05268",1226,1227,1227,"9.9736e-07",0,"Custom optimizer converged (assumed)"
"Зашумленная Функция Бута (σ=0.5)","{'noise_sigma': 0.5}","","[-3.,  7.]","GD (LineSearch GS)","{'line_search_tol': 1e-07, 'learning_rate_config': 'GoldenSectionLineSearch'}",1e-06,2000,"[1., 3.]","1.21761",9,343,10,"5.8452e-07",0,"Custom optimizer converged (assumed)"
"Зашумленная Функция Бута (σ=0.5)","{'noise_sigma': 0.5}","","[-3.,  7.]","GD (Armijo LS)","{'initial_alpha': 1.0, 'c1_armijo': 0.0001, 'rho_armijo': 0.5, 'alpha_min_armijo': 1e-10, 'learning_rate_config': 'ArmijoLS(init_a=1.0,c1=1e-4,rho=0.5)'}",1e-06,2000,"[1., 3.]","-0.42448",1,4,2,"0.0000e+00",0,"Custom optimizer converged (assumed)"
"Зашумленная Функция Бута (σ=0.5)","{'noise_sigma': 0.5}","","[-3.,  7.]","SciPy (Nelder-Mead)","{'method': 'Nelder-Mead'}",1e-06,1000,"[1.175, 2.858]","-1.43793",1000,2608,"0 (grad not used)","6.2005e-01",2,"Maximum number of iterations has been exceeded."
"Зашумленная Функция Бута (σ=0.5)","{'noise_sigma': 0.5}","","[-3.,  7.]","SciPy (BFGS)","{'method': 'BFGS'}",1e-06,1000,"[1., 3.]","-0.25078",3,4,4,"0.0000e+00",0,"Optimization terminated successfully."
"Зашумленная Функция Бута (σ=0.5)","{'noise_sigma': 0.5}","","[-3.,  7.]","SciPy (CG)","{'method': 'CG'}",1e-06,1000,"[1., 3.]","-0.13889",2,5,5,"0.0000e+00",0,"Optimization terminated successfully."
"Зашумленная Функция Бута (σ=0.5)","{'noise_sigma': 0.5}","","[-3.,  7.]","Torch (SGD Const LR)","{'learning_rate_config': {'type': 'constant', 'initial_lr': 0.001}}",1e-06,20000,"[1., 3.]","0.07768",8113,8114,8114,"9.9928e-07",0,"Gradient norm below tolerance."
"Зашумленная Функция Бута (σ=0.5)","{'noise_sigma': 0.5}","","[-3.,  7.]","Torch (SGD ExpDecay LR)","{'learning_rate_config': {'type': 'exponential', 'initial_lr': 0.01, 'decay_rate': 0.95, 'decay_steps': 100}}",1e-06,20000,"[1., 3.]","0.31315",1039,1040,1040,"9.9991e-07",0,"Gradient norm below tolerance."
"Зашумленная Функция Бута (σ=0.5)","{'noise_sigma': 0.5}","","[-3.,  7.]","Torch (SGD StepDecay LR)","{'learning_rate_config': {'type': 'step', 'initial_lr': 0.01, 'drop_rate': 0.5, 'epochs_drop': 500}}",1e-06,20000,"[1., 3.]","0.90302",1223,1224,1224,"9.9721e-07",0,"Gradient norm below tolerance."
"Зашумленная Функция Бута (σ=0.5)","{'noise_sigma': 0.5}","","[ 5., -1.]","GD (Const LR=0.001)","{'learning_rate_config': 'constant_lr(0.001)'}",1e-06,2000,"[1.073, 2.927]","-0.17764",2000,2001,2001,"2.0639e-01",0,"Custom optimizer converged (assumed)"
"Зашумленная Функция Бута (σ=0.5)","{'noise_sigma': 0.5}","","[ 5., -1.]","GD (Const LR=0.01)","{'learning_rate_config': 'constant_lr(0.01)'}",1e-06,2000,"[1., 3.]","0.95227",804,805,805,"9.9855e-07",0,"Custom optimizer converged (assumed)"
"Зашумленная Функция Бута (σ=0.5)","{'noise_sigma': 0.5}","","[ 5., -1.]","GD (ExpDecay LR)","{'learning_rate_config': 'exponential_decay_lr(0.01, 0.95, 100)'}",1e-06,2000,"[1., 3.]","-0.02793",1039,1040,1040,"9.9991e-07",0,"Custom optimizer converged (assumed)"
"Зашумленная Функция Бута (σ=0.5)","{'noise_sigma': 0.5}","","[ 5., -1.]","GD (StepDecay LR)","{'learning_rate_config': 'step_decay_lr(0.01, 0.5, 500)'}",1e-06,2000,"[1., 3.]","-0.27869",1226,1227,1227,"9.9736e-07",0,"Custom optimizer converged (assumed)"
"Зашумленная Функция Бута (σ=0.5)","{'noise_sigma': 0.5}","","[ 5., -1.]","GD (LineSearch GS)","{'line_search_tol': 1e-07, 'learning_rate_config': 'GoldenSectionLineSearch'}",1e-06,2000,"[1., 3.]","1.09117",10,381,11,"1.8122e-07",0,"Custom optimizer converged (assumed)"
"Зашумленная Функция Бута (σ=0.5)","{'noise_sigma': 0.5}","","[ 5., -1.]","GD (Armijo LS)","{'initial_alpha': 1.0, 'c1_armijo': 0.0001, 'rho_armijo': 0.5, 'alpha_min_armijo': 1e-10, 'learning_rate_config': 'ArmijoLS(init_a=1.0,c1=1e-4,rho=0.5)'}",1e-06,2000,"[1., 3.]","-0.91493",7,16,8,"0.0000e+00",0,"Custom optimizer converged (assumed)"
"Зашумленная Функция Бута (σ=0.5)","{'noise_sigma': 0.5}","","[ 5., -1.]","SciPy (Nelder-Mead)","{'method': 'Nelder-Mead'}",1e-06,1000,"[ 4.312, -1.025]","27.69131",1000,2602,"0 (grad not used)","1.3782e+01",2,"Maximum number of iterations has been exceeded."
"Зашумленная Функция Бута (σ=0.5)","{'noise_sigma': 0.5}","","[ 5., -1.]","SciPy (BFGS)","{'method': 'BFGS'}",1e-06,1000,"[1., 3.]","-0.42388",3,4,4,"0.0000e+00",0,"Optimization terminated successfully."
"Зашумленная Функция Бута (σ=0.5)","{'noise_sigma': 0.5}","","[ 5., -1.]","SciPy (CG)","{'method': 'CG'}",1e-06,1000,"[1., 3.]","-0.09510",2,5,5,"0.0000e+00",0,"Optimization terminated successfully."
"Зашумленная Функция Бута (σ=0.5)","{'noise_sigma': 0.5}","","[ 5., -1.]","Torch (SGD Const LR)","{'learning_rate_config': {'type': 'constant', 'initial_lr': 0.001}}",1e-06,20000,"[1., 3.]","1.01935",8113,8114,8114,"9.9928e-07",0,"Gradient norm below tolerance."
"Зашумленная Функция Бута (σ=0.5)","{'noise_sigma': 0.5}","","[ 5., -1.]","Torch (SGD ExpDecay LR)","{'learning_rate_config': {'type': 'exponential', 'initial_lr': 0.01, 'decay_rate': 0.95, 'decay_steps': 100}}",1e-06,20000,"[1., 3.]","-0.18601",1039,1040,1040,"9.9991e-07",0,"Gradient norm below tolerance."
"Зашумленная Функция Бута (σ=0.5)","{'noise_sigma': 0.5}","","[ 5., -1.]","Torch (SGD StepDecay LR)","{'learning_rate_config': {'type': 'step', 'initial_lr': 0.01, 'drop_rate': 0.5, 'epochs_drop': 500}}",1e-06,20000,"[1., 3.]","0.11598",1223,1224,1224,"9.9721e-07",0,"Gradient norm below tolerance."
"Зашумленная Функция Бута (σ=0.5)","{'noise_sigma': 0.5}","","[-4., -1.]","GD (Const LR=0.001)","{'learning_rate_config': 'constant_lr(0.001)'}",1e-06,2000,"[0.991, 3.009]","-0.01553",2000,2001,2001,"2.5799e-02",0,"Custom optimizer converged (assumed)"
"Зашумленная Функция Бута (σ=0.5)","{'noise_sigma': 0.5}","","[-4., -1.]","GD (Const LR=0.01)","{'learning_rate_config': 'constant_lr(0.01)'}",1e-06,2000,"[1., 3.]","0.72152",701,702,702,"9.9999e-07",0,"Custom optimizer converged (assumed)"
"Зашумленная Функция Бута (σ=0.5)","{'noise_sigma': 0.5}","","[-4., -1.]","GD (ExpDecay LR)","{'learning_rate_config': 'exponential_decay_lr(0.01, 0.95, 100)'}",1e-06,2000,"[1., 3.]","0.29361",871,872,872,"9.9313e-07",0,"Custom optimizer converged (assumed)"
"Зашумленная Функция Бута (σ=0.5)","{'noise_sigma': 0.5}","","[-4., -1.]","GD (StepDecay LR)","{'learning_rate_config': 'step_decay_lr(0.01, 0.5, 500)'}",1e-06,2000,"[1., 3.]","-0.84154",906,907,907,"9.9049e-07",0,"Custom optimizer converged (assumed)"
"Зашумленная Функция Бута (σ=0.5)","{'noise_sigma': 0.5}","","[-4., -1.]","GD (LineSearch GS)","{'line_search_tol': 1e-07, 'learning_rate_config': 'GoldenSectionLineSearch'}",1e-06,2000,"[1.009, 3.009]","0.93415",2000,76001,2001,"2.3199e-01",0,"Custom optimizer converged (assumed)"
"Зашумленная Функция Бута (σ=0.5)","{'noise_sigma': 0.5}","","[-4., -1.]","GD (Armijo LS)","{'initial_alpha': 1.0, 'c1_armijo': 0.0001, 'rho_armijo': 0.5, 'alpha_min_armijo': 1e-10, 'learning_rate_config': 'ArmijoLS(init_a=1.0,c1=1e-4,rho=0.5)'}",1e-06,2000,"[1.019, 3.03 ]","-1.06050",17,148,18,"6.2947e-01",0,"Custom optimizer converged (assumed)"
"Зашумленная Функция Бута (σ=0.5)","{'noise_sigma': 0.5}","","[-4., -1.]","SciPy (Nelder-Mead)","{'method': 'Nelder-Mead'}",1e-06,1000,"[0.945, 3.275]","-1.40174",1000,2598,"0 (grad not used)","2.8351e+00",2,"Maximum number of iterations has been exceeded."
"Зашумленная Функция Бута (σ=0.5)","{'noise_sigma': 0.5}","","[-4., -1.]","SciPy (BFGS)","{'method': 'BFGS'}",1e-06,1000,"[0.77 , 3.245]","-0.41559",5,40,28,"6.9916e-01",2,"Desired error not necessarily achieved due to precision loss."
"Зашумленная Функция Бута (σ=0.5)","{'noise_sigma': 0.5}","","[-4., -1.]","SciPy (CG)","{'method': 'CG'}",1e-06,1000,"[0.996, 2.996]","-0.72494",4,30,18,"1.0798e-01",2,"Desired error not necessarily achieved due to precision loss."
"Зашумленная Функция Бута (σ=0.5)","{'noise_sigma': 0.5}","","[-4., -1.]","Torch (SGD Const LR)","{'learning_rate_config': {'type': 'constant', 'initial_lr': 0.001}}",1e-06,20000,"[1., 3.]","-0.28371",7074,7075,7075,"9.9992e-07",0,"Gradient norm below tolerance."
"Зашумленная Функция Бута (σ=0.5)","{'noise_sigma': 0.5}","","[-4., -1.]","Torch (SGD ExpDecay LR)","{'learning_rate_config': {'type': 'exponential', 'initial_lr': 0.01, 'decay_rate': 0.95, 'decay_steps': 100}}",1e-06,20000,"[1., 3.]","0.19155",871,872,872,"9.9313e-07",0,"Gradient norm below tolerance."
"Зашумленная Функция Бута (σ=0.5)","{'noise_sigma': 0.5}","","[-4., -1.]","Torch (SGD StepDecay LR)","{'learning_rate_config': {'type': 'step', 'initial_lr': 0.01, 'drop_rate': 0.5, 'epochs_drop': 500}}",1e-06,20000,"[1., 3.]","-0.07110",905,906,906,"9.9039e-07",0,"Gradient norm below tolerance."
"Вытянутая квадратичная долина","{'x_c': 5, 'y_c': 5, 'a1': 1, 'a2': 100, 'a3': 10}","","[0., 0.]","GD (Const LR=0.001)","{'learning_rate_config': 'constant_lr(0.001)'}",1e-06,2000,"[4.763, 5.012]","0.04214",2000,2001,2001,"3.5513e-01",0,"Custom optimizer converged (assumed)"
"Вытянутая квадратичная долина","{'x_c': 5, 'y_c': 5, 'a1': 1, 'a2': 100, 'a3': 10}","","[0., 0.]","GD (Const LR=0.01)","{'learning_rate_config': 'constant_lr(0.01)'}",1e-06,2000,"[  -6106.402, -121308.623]","1479150829008.98706",2000,2001,2001,"2.4355e+07",0,"Custom optimizer converged (assumed)"
"Вытянутая квадратичная долина","{'x_c': 5, 'y_c': 5, 'a1': 1, 'a2': 100, 'a3': 10}","","[0., 0.]","GD (ExpDecay LR)","{'learning_rate_config': 'exponential_decay_lr(0.01, 0.95, 100)'}",1e-06,2000,"[5., 5.]","0.00000",1505,1506,1506,"9.9395e-07",0,"Custom optimizer converged (assumed)"
"Вытянутая квадратичная долина","{'x_c': 5, 'y_c': 5, 'a1': 1, 'a2': 100, 'a3': 10}","","[0., 0.]","GD (StepDecay LR)","{'learning_rate_config': 'step_decay_lr(0.01, 0.5, 500)'}",1e-06,2000,"[5., 5.]","0.00000",2000,2001,2001,"5.4029e-06",0,"Custom optimizer converged (assumed)"
"Вытянутая квадратичная долина","{'x_c': 5, 'y_c': 5, 'a1': 1, 'a2': 100, 'a3': 10}","","[0., 0.]","GD (LineSearch GS)","{'line_search_tol': 1e-07, 'learning_rate_config': 'GoldenSectionLineSearch'}",1e-06,2000,"[5., 5.]","0.00000",9,343,10,"8.5736e-09",0,"Custom optimizer converged (assumed)"
"Вытянутая квадратичная долина","{'x_c': 5, 'y_c': 5, 'a1': 1, 'a2': 100, 'a3': 10}","","[0., 0.]","GD (Armijo LS)","{'initial_alpha': 1.0, 'c1_armijo': 0.0001, 'rho_armijo': 0.5, 'alpha_min_armijo': 1e-10, 'learning_rate_config': 'ArmijoLS(init_a=1.0,c1=1e-4,rho=0.5)'}",1e-06,2000,"[5., 5.]","0.00000",968,8314,969,"9.6533e-07",0,"Custom optimizer converged (assumed)"
"Вытянутая квадратичная долина","{'x_c': 5, 'y_c': 5, 'a1': 1, 'a2': 100, 'a3': 10}","","[0., 0.]","SciPy (Nelder-Mead)","{'method': 'Nelder-Mead'}",1e-06,1000,"[5., 5.]","0.00000",97,185,"0 (grad not used)","9.7083e-06",0,"Optimization terminated successfully."
"Вытянутая квадратичная долина","{'x_c': 5, 'y_c': 5, 'a1': 1, 'a2': 100, 'a3': 10}","","[0., 0.]","SciPy (BFGS)","{'method': 'BFGS'}",1e-06,1000,"[5., 5.]","0.00000",7,8,8,"1.4079e-11",0,"Optimization terminated successfully."
"Вытянутая квадратичная долина","{'x_c': 5, 'y_c': 5, 'a1': 1, 'a2': 100, 'a3': 10}","","[0., 0.]","SciPy (CG)","{'method': 'CG'}",1e-06,1000,"[5., 5.]","0.00000",3,7,7,"1.2880e-12",0,"Optimization terminated successfully."
"Вытянутая квадратичная долина","{'x_c': 5, 'y_c': 5, 'a1': 1, 'a2': 100, 'a3': 10}","","[0., 0.]","Torch (SGD Const LR)","{'learning_rate_config': {'type': 'constant', 'initial_lr': 0.001}}",1e-06,20000,"[5., 5.]","0.00000",10536,10537,10537,"9.9884e-07",0,"Gradient norm below tolerance."
"Вытянутая квадратичная долина","{'x_c': 5, 'y_c': 5, 'a1': 1, 'a2': 100, 'a3': 10}","","[0., 0.]","Torch (SGD ExpDecay LR)","{'learning_rate_config': {'type': 'exponential', 'initial_lr': 0.01, 'decay_rate': 0.95, 'decay_steps': 100}}",1e-06,20000,"[5., 5.]","0.00000",1505,1506,1506,"9.9395e-07",0,"Gradient norm below tolerance."
"Вытянутая квадратичная долина","{'x_c': 5, 'y_c': 5, 'a1': 1, 'a2': 100, 'a3': 10}","","[0., 0.]","Torch (SGD StepDecay LR)","{'learning_rate_config': {'type': 'step', 'initial_lr': 0.01, 'drop_rate': 0.5, 'epochs_drop': 500}}",1e-06,20000,"[5., 5.]","0.00000",20000,20000,20000,"2.0904e-06",0,"Max iterations reached."
"Вытянутая квадратичная долина","{'x_c': 5, 'y_c': 5, 'a1': 1, 'a2': 100, 'a3': 10}","","[10.,  2.]","GD (Const LR=0.001)","{'learning_rate_config': 'constant_lr(0.001)'}",1e-06,2000,"[5.257, 4.987]","0.04960",2000,2001,2001,"3.8527e-01",0,"Custom optimizer converged (assumed)"
"Вытянутая квадратичная долина","{'x_c': 5, 'y_c': 5, 'a1': 1, 'a2': 100, 'a3': 10}","","[10.,  2.]","GD (Const LR=0.01)","{'learning_rate_config': 'constant_lr(0.01)'}",1e-06,2000,"[ -3192.869, -63473.903]","404997317146.69397",2000,2001,2001,"1.2744e+07",0,"Custom optimizer converged (assumed)"
"Вытянутая квадратичная долина","{'x_c': 5, 'y_c': 5, 'a1': 1, 'a2': 100, 'a3': 10}","","[10.,  2.]","GD (ExpDecay LR)","{'learning_rate_config': 'exponential_decay_lr(0.01, 0.95, 100)'}",1e-06,2000,"[5., 5.]","0.00000",1516,1517,1517,"9.9927e-07",0,"Custom optimizer converged (assumed)"
"Вытянутая квадратичная долина","{'x_c': 5, 'y_c': 5, 'a1': 1, 'a2': 100, 'a3': 10}","","[10.,  2.]","GD (StepDecay LR)","{'learning_rate_config': 'step_decay_lr(0.01, 0.5, 500)'}",1e-06,2000,"[5., 5.]","0.00000",2000,2001,2001,"5.8615e-06",0,"Custom optimizer converged (assumed)"
"Вытянутая квадратичная долина","{'x_c': 5, 'y_c': 5, 'a1': 1, 'a2': 100, 'a3': 10}","","[10.,  2.]","GD (LineSearch GS)","{'line_search_tol': 1e-07, 'learning_rate_config': 'GoldenSectionLineSearch'}",1e-06,2000,"[5., 5.]","0.00000",11,419,12,"7.5816e-08",0,"Custom optimizer converged (assumed)"
"Вытянутая квадратичная долина","{'x_c': 5, 'y_c': 5, 'a1': 1, 'a2': 100, 'a3': 10}","","[10.,  2.]","GD (Armijo LS)","{'initial_alpha': 1.0, 'c1_armijo': 0.0001, 'rho_armijo': 0.5, 'alpha_min_armijo': 1e-10, 'learning_rate_config': 'ArmijoLS(init_a=1.0,c1=1e-4,rho=0.5)'}",1e-06,2000,"[5., 5.]","0.00000",967,8305,968,"9.8404e-07",0,"Custom optimizer converged (assumed)"
"Вытянутая квадратичная долина","{'x_c': 5, 'y_c': 5, 'a1': 1, 'a2': 100, 'a3': 10}","","[10.,  2.]","SciPy (Nelder-Mead)","{'method': 'Nelder-Mead'}",1e-06,1000,"[5., 5.]","0.00000",63,121,"0 (grad not used)","1.0948e-05",0,"Optimization terminated successfully."
"Вытянутая квадратичная долина","{'x_c': 5, 'y_c': 5, 'a1': 1, 'a2': 100, 'a3': 10}","","[10.,  2.]","SciPy (BFGS)","{'method': 'BFGS'}",1e-06,1000,"[5., 5.]","0.00000",6,7,7,"2.1159e-07",0,"Optimization terminated successfully."
"Вытянутая квадратичная долина","{'x_c': 5, 'y_c': 5, 'a1': 1, 'a2': 100, 'a3': 10}","","[10.,  2.]","SciPy (CG)","{'method': 'CG'}",1e-06,1000,"[5., 5.]","0.00000",2,5,5,"1.7786e-13",0,"Optimization terminated successfully."
"Вытянутая квадратичная долина","{'x_c': 5, 'y_c': 5, 'a1': 1, 'a2': 100, 'a3': 10}","","[10.,  2.]","Torch (SGD Const LR)","{'learning_rate_config': {'type': 'constant', 'initial_lr': 0.001}}",1e-06,20000,"[5., 5.]","0.00000",10590,10591,10591,"9.9945e-07",0,"Gradient norm below tolerance."
"Вытянутая квадратичная долина","{'x_c': 5, 'y_c': 5, 'a1': 1, 'a2': 100, 'a3': 10}","","[10.,  2.]","Torch (SGD ExpDecay LR)","{'learning_rate_config': {'type': 'exponential', 'initial_lr': 0.01, 'decay_rate': 0.95, 'decay_steps': 100}}",1e-06,20000,"[5., 5.]","0.00000",1516,1517,1517,"9.9927e-07",0,"Gradient norm below tolerance."
"Вытянутая квадратичная долина","{'x_c': 5, 'y_c': 5, 'a1': 1, 'a2': 100, 'a3': 10}","","[10.,  2.]","Torch (SGD StepDecay LR)","{'learning_rate_config': {'type': 'step', 'initial_lr': 0.01, 'drop_rate': 0.5, 'epochs_drop': 500}}",1e-06,20000,"[5., 5.]","0.00000",20000,20000,20000,"2.2678e-06",0,"Max iterations reached."
"Вытянутая квадратичная долина","{'x_c': 5, 'y_c': 5, 'a1': 1, 'a2': 100, 'a3': 10}","","[ 2., 10.]","GD (Const LR=0.001)","{'learning_rate_config': 'constant_lr(0.001)'}",1e-06,2000,"[4.838, 5.008]","0.01977",2000,2001,2001,"2.4322e-01",0,"Custom optimizer converged (assumed)"
"Вытянутая квадратичная долина","{'x_c': 5, 'y_c': 5, 'a1': 1, 'a2': 100, 'a3': 10}","","[ 2., 10.]","GD (Const LR=0.01)","{'learning_rate_config': 'constant_lr(0.01)'}",1e-06,2000,"[  5647.43 , 112009.353]","1260849107238.25024",2000,2001,2001,"2.2486e+07",0,"Custom optimizer converged (assumed)"
"Вытянутая квадратичная долина","{'x_c': 5, 'y_c': 5, 'a1': 1, 'a2': 100, 'a3': 10}","","[ 2., 10.]","GD (ExpDecay LR)","{'learning_rate_config': 'exponential_decay_lr(0.01, 0.95, 100)'}",1e-06,2000,"[5., 5.]","0.00000",1451,1452,1452,"9.9544e-07",0,"Custom optimizer converged (assumed)"
"Вытянутая квадратичная долина","{'x_c': 5, 'y_c': 5, 'a1': 1, 'a2': 100, 'a3': 10}","","[ 2., 10.]","GD (StepDecay LR)","{'learning_rate_config': 'step_decay_lr(0.01, 0.5, 500)'}",1e-06,2000,"[5., 5.]","0.00000",2000,2001,2001,"3.7003e-06",0,"Custom optimizer converged (assumed)"
"Вытянутая квадратичная долина","{'x_c': 5, 'y_c': 5, 'a1': 1, 'a2': 100, 'a3': 10}","","[ 2., 10.]","GD (LineSearch GS)","{'line_search_tol': 1e-07, 'learning_rate_config': 'GoldenSectionLineSearch'}",1e-06,2000,"[5., 5.]","0.00000",7,267,8,"4.6224e-07",0,"Custom optimizer converged (assumed)"
"Вытянутая квадратичная долина","{'x_c': 5, 'y_c': 5, 'a1': 1, 'a2': 100, 'a3': 10}","","[ 2., 10.]","GD (Armijo LS)","{'initial_alpha': 1.0, 'c1_armijo': 0.0001, 'rho_armijo': 0.5, 'alpha_min_armijo': 1e-10, 'learning_rate_config': 'ArmijoLS(init_a=1.0,c1=1e-4,rho=0.5)'}",1e-06,2000,"[5., 5.]","0.00000",940,8074,941,"9.8576e-07",0,"Custom optimizer converged (assumed)"
"Вытянутая квадратичная долина","{'x_c': 5, 'y_c': 5, 'a1': 1, 'a2': 100, 'a3': 10}","","[ 2., 10.]","SciPy (Nelder-Mead)","{'method': 'Nelder-Mead'}",1e-06,1000,"[5., 5.]","0.00000",65,126,"0 (grad not used)","6.0282e-06",0,"Optimization terminated successfully."
"Вытянутая квадратичная долина","{'x_c': 5, 'y_c': 5, 'a1': 1, 'a2': 100, 'a3': 10}","","[ 2., 10.]","SciPy (BFGS)","{'method': 'BFGS'}",1e-06,1000,"[5., 5.]","0.00000",7,8,8,"2.5845e-12",0,"Optimization terminated successfully."
"Вытянутая квадратичная долина","{'x_c': 5, 'y_c': 5, 'a1': 1, 'a2': 100, 'a3': 10}","","[ 2., 10.]","SciPy (CG)","{'method': 'CG'}",1e-06,1000,"[5., 5.]","0.00000",2,5,5,"5.3357e-13",0,"Optimization terminated successfully."
"Вытянутая квадратичная долина","{'x_c': 5, 'y_c': 5, 'a1': 1, 'a2': 100, 'a3': 10}","","[ 2., 10.]","Torch (SGD Const LR)","{'learning_rate_config': {'type': 'constant', 'initial_lr': 0.001}}",1e-06,20000,"[5., 5.]","0.00000",10283,10284,10284,"9.9916e-07",0,"Gradient norm below tolerance."
"Вытянутая квадратичная долина","{'x_c': 5, 'y_c': 5, 'a1': 1, 'a2': 100, 'a3': 10}","","[ 2., 10.]","Torch (SGD ExpDecay LR)","{'learning_rate_config': {'type': 'exponential', 'initial_lr': 0.01, 'decay_rate': 0.95, 'decay_steps': 100}}",1e-06,20000,"[5., 5.]","0.00000",1451,1452,1452,"9.9544e-07",0,"Gradient norm below tolerance."
"Вытянутая квадратичная долина","{'x_c': 5, 'y_c': 5, 'a1': 1, 'a2': 100, 'a3': 10}","","[ 2., 10.]","Torch (SGD StepDecay LR)","{'learning_rate_config': {'type': 'step', 'initial_lr': 0.01, 'drop_rate': 0.5, 'epochs_drop': 500}}",1e-06,20000,"[5., 5.]","0.00000",20000,20000,20000,"1.4317e-06",0,"Max iterations reached."
"Эллиптический параболоид","{'c1': 1, 'c2': 10, 'cond': 10}",10,"[15., 15.]","GD (Const LR=0.001)","{'learning_rate_config': 'constant_lr(0.001)'}",1e-06,2000,"[0.274, 0.   ]","0.07488",2000,2001,2001,"5.4727e-01",0,"Custom optimizer converged (assumed)"
"Эллиптический параболоид","{'c1': 1, 'c2': 10, 'cond': 10}",10,"[15., 15.]","GD (Const LR=0.01)","{'learning_rate_config': 'constant_lr(0.01)'}",1e-06,2000,"[0., 0.]","0.00000",853,854,854,"9.8393e-07",0,"Custom optimizer converged (assumed)"
"Эллиптический параболоид","{'c1': 1, 'c2': 10, 'cond': 10}",10,"[15., 15.]","GD (ExpDecay LR)","{'learning_rate_config': 'exponential_decay_lr(0.01, 0.95, 100)'}",1e-06,2000,"[0., 0.]","0.00000",1124,1125,1125,"9.9296e-07",0,"Custom optimizer converged (assumed)"
"Эллиптический параболоид","{'c1': 1, 'c2': 10, 'cond': 10}",10,"[15., 15.]","GD (StepDecay LR)","{'learning_rate_config': 'step_decay_lr(0.01, 0.5, 500)'}",1e-06,2000,"[0., 0.]","0.00000",1421,1422,1422,"9.9511e-07",0,"Custom optimizer converged (assumed)"
"Эллиптический параболоид","{'c1': 1, 'c2': 10, 'cond': 10}",10,"[15., 15.]","GD (LineSearch GS)","{'line_search_tol': 1e-07, 'learning_rate_config': 'GoldenSectionLineSearch'}",1e-06,2000,"[0., 0.]","0.00000",15,571,16,"3.1600e-07",0,"Custom optimizer converged (assumed)"
"Эллиптический параболоид","{'c1': 1, 'c2': 10, 'cond': 10}",10,"[15., 15.]","GD (Armijo LS)","{'initial_alpha': 1.0, 'c1_armijo': 0.0001, 'rho_armijo': 0.5, 'alpha_min_armijo': 1e-10, 'learning_rate_config': 'ArmijoLS(init_a=1.0,c1=1e-4,rho=0.5)'}",1e-06,2000,"[0., 0.]","0.00000",70,376,71,"8.2085e-07",0,"Custom optimizer converged (assumed)"
"Эллиптический параболоид","{'c1': 1, 'c2': 10, 'cond': 10}",10,"[15., 15.]","SciPy (Nelder-Mead)","{'method': 'Nelder-Mead'}",1e-06,1000,"[0., 0.]","0.00000",68,131,"0 (grad not used)","2.0001e-06",0,"Optimization terminated successfully."
"Эллиптический параболоид","{'c1': 1, 'c2': 10, 'cond': 10}",10,"[15., 15.]","SciPy (BFGS)","{'method': 'BFGS'}",1e-06,1000,"[0., 0.]","0.00000",7,9,9,"2.4233e-07",0,"Optimization terminated successfully."
"Эллиптический параболоид","{'c1': 1, 'c2': 10, 'cond': 10}",10,"[15., 15.]","SciPy (CG)","{'method': 'CG'}",1e-06,1000,"[0., 0.]","0.00000",2,6,6,"1.0270e-13",0,"Optimization terminated successfully."
"Эллиптический параболоид","{'c1': 1, 'c2': 10, 'cond': 10}",10,"[15., 15.]","Torch (SGD Const LR)","{'learning_rate_config': {'type': 'constant', 'initial_lr': 0.001}}",1e-06,20000,"[0., 0.]","0.00000",8600,8601,8601,"9.9949e-07",0,"Gradient norm below tolerance."
"Эллиптический параболоид","{'c1': 1, 'c2': 10, 'cond': 10}",10,"[15., 15.]","Torch (SGD ExpDecay LR)","{'learning_rate_config': {'type': 'exponential', 'initial_lr': 0.01, 'decay_rate': 0.95, 'decay_steps': 100}}",1e-06,20000,"[0., 0.]","0.00000",1124,1125,1125,"9.9296e-07",0,"Gradient norm below tolerance."
"Эллиптический параболоид","{'c1': 1, 'c2': 10, 'cond': 10}",10,"[15., 15.]","Torch (SGD StepDecay LR)","{'learning_rate_config': {'type': 'step', 'initial_lr': 0.01, 'drop_rate': 0.5, 'epochs_drop': 500}}",1e-06,20000,"[0., 0.]","0.00000",1417,1418,1418,"9.9996e-07",0,"Gradient norm below tolerance."
"Эллиптический параболоид","{'c1': 1, 'c2': 10, 'cond': 10}",10,"[-10.,  18.]","GD (Const LR=0.001)","{'learning_rate_config': 'constant_lr(0.001)'}",1e-06,2000,"[-0.182,  0.   ]","0.03328",2000,2001,2001,"3.6485e-01",0,"Custom optimizer converged (assumed)"
"Эллиптический параболоид","{'c1': 1, 'c2': 10, 'cond': 10}",10,"[-10.,  18.]","GD (Const LR=0.01)","{'learning_rate_config': 'constant_lr(0.01)'}",1e-06,2000,"[0., 0.]","0.00000",833,834,834,"9.8254e-07",0,"Custom optimizer converged (assumed)"
"Эллиптический параболоид","{'c1': 1, 'c2': 10, 'cond': 10}",10,"[-10.,  18.]","GD (ExpDecay LR)","{'learning_rate_config': 'exponential_decay_lr(0.01, 0.95, 100)'}",1e-06,2000,"[0., 0.]","0.00000",1088,1089,1089,"9.9820e-07",0,"Custom optimizer converged (assumed)"
"Эллиптический параболоид","{'c1': 1, 'c2': 10, 'cond': 10}",10,"[-10.,  18.]","GD (StepDecay LR)","{'learning_rate_config': 'step_decay_lr(0.01, 0.5, 500)'}",1e-06,2000,"[0., 0.]","0.00000",1340,1341,1341,"9.9566e-07",0,"Custom optimizer converged (assumed)"
"Эллиптический параболоид","{'c1': 1, 'c2': 10, 'cond': 10}",10,"[-10.,  18.]","GD (LineSearch GS)","{'line_search_tol': 1e-07, 'learning_rate_config': 'GoldenSectionLineSearch'}",1e-06,2000,"[0., 0.]","0.00000",11,419,12,"1.5092e-07",0,"Custom optimizer converged (assumed)"
"Эллиптический параболоид","{'c1': 1, 'c2': 10, 'cond': 10}",10,"[-10.,  18.]","GD (Armijo LS)","{'initial_alpha': 1.0, 'c1_armijo': 0.0001, 'rho_armijo': 0.5, 'alpha_min_armijo': 1e-10, 'learning_rate_config': 'ArmijoLS(init_a=1.0,c1=1e-4,rho=0.5)'}",1e-06,2000,"[0., 0.]","0.00000",68,365,69,"7.9445e-07",0,"Custom optimizer converged (assumed)"
"Эллиптический параболоид","{'c1': 1, 'c2': 10, 'cond': 10}",10,"[-10.,  18.]","SciPy (Nelder-Mead)","{'method': 'Nelder-Mead'}",1e-06,1000,"[0., 0.]","0.00000",69,133,"0 (grad not used)","1.3582e-06",0,"Optimization terminated successfully."
"Эллиптический параболоид","{'c1': 1, 'c2': 10, 'cond': 10}",10,"[-10.,  18.]","SciPy (BFGS)","{'method': 'BFGS'}",1e-06,1000,"[0., 0.]","0.00000",7,9,9,"9.3770e-12",0,"Optimization terminated successfully."
"Эллиптический параболоид","{'c1': 1, 'c2': 10, 'cond': 10}",10,"[-10.,  18.]","SciPy (CG)","{'method': 'CG'}",1e-06,1000,"[0., 0.]","0.00000",2,6,6,"1.5145e-11",0,"Optimization terminated successfully."
"Эллиптический параболоид","{'c1': 1, 'c2': 10, 'cond': 10}",10,"[-10.,  18.]","Torch (SGD Const LR)","{'learning_rate_config': {'type': 'constant', 'initial_lr': 0.001}}",1e-06,20000,"[0., 0.]","0.00000",8398,8399,8399,"9.9843e-07",0,"Gradient norm below tolerance."
"Эллиптический параболоид","{'c1': 1, 'c2': 10, 'cond': 10}",10,"[-10.,  18.]","Torch (SGD ExpDecay LR)","{'learning_rate_config': {'type': 'exponential', 'initial_lr': 0.01, 'decay_rate': 0.95, 'decay_steps': 100}}",1e-06,20000,"[0., 0.]","0.00000",1088,1089,1089,"9.9820e-07",0,"Gradient norm below tolerance."
"Эллиптический параболоид","{'c1': 1, 'c2': 10, 'cond': 10}",10,"[-10.,  18.]","Torch (SGD StepDecay LR)","{'learning_rate_config': {'type': 'step', 'initial_lr': 0.01, 'drop_rate': 0.5, 'epochs_drop': 500}}",1e-06,20000,"[0., 0.]","0.00000",1337,1338,1338,"9.9550e-07",0,"Gradient norm below tolerance."
"Эллиптический параболоид","{'c1': 1, 'c2': 100, 'cond': 100}",100,"[15., 15.]","GD (Const LR=0.001)","{'learning_rate_config': 'constant_lr(0.001)'}",1e-06,2000,"[0.274, 0.   ]","0.07488",2000,2001,2001,"5.4727e-01",0,"Custom optimizer converged (assumed)"
"Эллиптический параболоид","{'c1': 1, 'c2': 100, 'cond': 100}",100,"[15., 15.]","GD (Const LR=0.01)","{'learning_rate_config': 'constant_lr(0.01)'}",1e-06,2000,"[ 0., 15.]","22500.00000",2000,2001,2001,"3.0000e+03",0,"Custom optimizer converged (assumed)"
"Эллиптический параболоид","{'c1': 1, 'c2': 100, 'cond': 100}",100,"[15., 15.]","GD (ExpDecay LR)","{'learning_rate_config': 'exponential_decay_lr(0.01, 0.95, 100)'}",1e-06,2000,"[0., 0.]","0.00000",1124,1125,1125,"9.9296e-07",0,"Custom optimizer converged (assumed)"
"Эллиптический параболоид","{'c1': 1, 'c2': 100, 'cond': 100}",100,"[15., 15.]","GD (StepDecay LR)","{'learning_rate_config': 'step_decay_lr(0.01, 0.5, 500)'}",1e-06,2000,"[0., 0.]","0.00000",1421,1422,1422,"9.9511e-07",0,"Custom optimizer converged (assumed)"
"Эллиптический параболоид","{'c1': 1, 'c2': 100, 'cond': 100}",100,"[15., 15.]","GD (LineSearch GS)","{'line_search_tol': 1e-07, 'learning_rate_config': 'GoldenSectionLineSearch'}",1e-06,2000,"[0., 0.]","0.00000",9,343,10,"2.7445e-07",0,"Custom optimizer converged (assumed)"
"Эллиптический параболоид","{'c1': 1, 'c2': 100, 'cond': 100}",100,"[15., 15.]","GD (Armijo LS)","{'initial_alpha': 1.0, 'c1_armijo': 0.0001, 'rho_armijo': 0.5, 'alpha_min_armijo': 1e-10, 'learning_rate_config': 'ArmijoLS(init_a=1.0,c1=1e-4,rho=0.5)'}",1e-06,2000,"[0., 0.]","0.00000",785,6743,786,"9.3894e-07",0,"Custom optimizer converged (assumed)"
"Эллиптический параболоид","{'c1': 1, 'c2': 100, 'cond': 100}",100,"[15., 15.]","SciPy (Nelder-Mead)","{'method': 'Nelder-Mead'}",1e-06,1000,"[0., 0.]","0.00000",72,135,"0 (grad not used)","5.8010e-06",0,"Optimization terminated successfully."
"Эллиптический параболоид","{'c1': 1, 'c2': 100, 'cond': 100}",100,"[15., 15.]","SciPy (BFGS)","{'method': 'BFGS'}",1e-06,1000,"[0., 0.]","0.00000",7,9,9,"2.5406e-13",0,"Optimization terminated successfully."
"Эллиптический параболоид","{'c1': 1, 'c2': 100, 'cond': 100}",100,"[15., 15.]","SciPy (CG)","{'method': 'CG'}",1e-06,1000,"[0., 0.]","0.00000",2,6,6,"7.3335e-14",0,"Optimization terminated successfully."
"Эллиптический параболоид","{'c1': 1, 'c2': 100, 'cond': 100}",100,"[15., 15.]","Torch (SGD Const LR)","{'learning_rate_config': {'type': 'constant', 'initial_lr': 0.001}}",1e-06,20000,"[0., 0.]","0.00000",8600,8601,8601,"9.9949e-07",0,"Gradient norm below tolerance."
"Эллиптический параболоид","{'c1': 1, 'c2': 100, 'cond': 100}",100,"[15., 15.]","Torch (SGD ExpDecay LR)","{'learning_rate_config': {'type': 'exponential', 'initial_lr': 0.01, 'decay_rate': 0.95, 'decay_steps': 100}}",1e-06,20000,"[0., 0.]","0.00000",1124,1125,1125,"9.9296e-07",0,"Gradient norm below tolerance."
"Эллиптический параболоид","{'c1': 1, 'c2': 100, 'cond': 100}",100,"[15., 15.]","Torch (SGD StepDecay LR)","{'learning_rate_config': {'type': 'step', 'initial_lr': 0.01, 'drop_rate': 0.5, 'epochs_drop': 500}}",1e-06,20000,"[0., 0.]","0.00000",1417,1418,1418,"9.9996e-07",0,"Gradient norm below tolerance."
"Эллиптический параболоид","{'c1': 1, 'c2': 100, 'cond': 100}",100,"[-10.,  18.]","GD (Const LR=0.001)","{'learning_rate_config': 'constant_lr(0.001)'}",1e-06,2000,"[-0.182,  0.   ]","0.03328",2000,2001,2001,"3.6485e-01",0,"Custom optimizer converged (assumed)"
"Эллиптический параболоид","{'c1': 1, 'c2': 100, 'cond': 100}",100,"[-10.,  18.]","GD (Const LR=0.01)","{'learning_rate_config': 'constant_lr(0.01)'}",1e-06,2000,"[ 0., 18.]","32400.00000",2000,2001,2001,"3.6000e+03",0,"Custom optimizer converged (assumed)"
"Эллиптический параболоид","{'c1': 1, 'c2': 100, 'cond': 100}",100,"[-10.,  18.]","GD (ExpDecay LR)","{'learning_rate_config': 'exponential_decay_lr(0.01, 0.95, 100)'}",1e-06,2000,"[0., 0.]","0.00000",1088,1089,1089,"9.9820e-07",0,"Custom optimizer converged (assumed)"
"Эллиптический параболоид","{'c1': 1, 'c2': 100, 'cond': 100}",100,"[-10.,  18.]","GD (StepDecay LR)","{'learning_rate_config': 'step_decay_lr(0.01, 0.5, 500)'}",1e-06,2000,"[0., 0.]","0.00000",1340,1341,1341,"9.9566e-07",0,"Custom optimizer converged (assumed)"
"Эллиптический параболоид","{'c1': 1, 'c2': 100, 'cond': 100}",100,"[-10.,  18.]","GD (LineSearch GS)","{'line_search_tol': 1e-07, 'learning_rate_config': 'GoldenSectionLineSearch'}",1e-06,2000,"[0., 0.]","0.00000",8,305,9,"7.0947e-07",0,"Custom optimizer converged (assumed)"
"Эллиптический параболоид","{'c1': 1, 'c2': 100, 'cond': 100}",100,"[-10.,  18.]","GD (Armijo LS)","{'initial_alpha': 1.0, 'c1_armijo': 0.0001, 'rho_armijo': 0.5, 'alpha_min_armijo': 1e-10, 'learning_rate_config': 'ArmijoLS(init_a=1.0,c1=1e-4,rho=0.5)'}",1e-06,2000,"[0., 0.]","0.00000",769,6606,770,"9.5020e-07",0,"Custom optimizer converged (assumed)"
"Эллиптический параболоид","{'c1': 1, 'c2': 100, 'cond': 100}",100,"[-10.,  18.]","SciPy (Nelder-Mead)","{'method': 'Nelder-Mead'}",1e-06,1000,"[0., 0.]","0.00000",76,143,"0 (grad not used)","1.3838e-05",0,"Optimization terminated successfully."
"Эллиптический параболоид","{'c1': 1, 'c2': 100, 'cond': 100}",100,"[-10.,  18.]","SciPy (BFGS)","{'method': 'BFGS'}",1e-06,1000,"[0., 0.]","0.00000",8,10,10,"1.7117e-08",0,"Optimization terminated successfully."
"Эллиптический параболоид","{'c1': 1, 'c2': 100, 'cond': 100}",100,"[-10.,  18.]","SciPy (CG)","{'method': 'CG'}",1e-06,1000,"[0., 0.]","0.00000",2,6,6,"1.6884e-12",0,"Optimization terminated successfully."
"Эллиптический параболоид","{'c1': 1, 'c2': 100, 'cond': 100}",100,"[-10.,  18.]","Torch (SGD Const LR)","{'learning_rate_config': {'type': 'constant', 'initial_lr': 0.001}}",1e-06,20000,"[0., 0.]","0.00000",8398,8399,8399,"9.9843e-07",0,"Gradient norm below tolerance."
"Эллиптический параболоид","{'c1': 1, 'c2': 100, 'cond': 100}",100,"[-10.,  18.]","Torch (SGD ExpDecay LR)","{'learning_rate_config': {'type': 'exponential', 'initial_lr': 0.01, 'decay_rate': 0.95, 'decay_steps': 100}}",1e-06,20000,"[0., 0.]","0.00000",1088,1089,1089,"9.9820e-07",0,"Gradient norm below tolerance."
"Эллиптический параболоид","{'c1': 1, 'c2': 100, 'cond': 100}",100,"[-10.,  18.]","Torch (SGD StepDecay LR)","{'learning_rate_config': {'type': 'step', 'initial_lr': 0.01, 'drop_rate': 0.5, 'epochs_drop': 500}}",1e-06,20000,"[0., 0.]","0.00000",1337,1338,1338,"9.9550e-07",0,"Gradient norm below tolerance."
"Эллиптический параболоид","{'c1': 1, 'c2': 250, 'cond': 250}",250,"[15., 15.]","GD (Const LR=0.001)","{'learning_rate_config': 'constant_lr(0.001)'}",1e-06,2000,"[0.274, 0.   ]","0.07488",2000,2001,2001,"5.4727e-01",0,"Custom optimizer converged (assumed)"
"Эллиптический параболоид","{'c1': 1, 'c2': 250, 'cond': 250}",250,"[15., 15.]","GD (Const LR=0.01)","{'learning_rate_config': 'constant_lr(0.01)'}",1e-06,2000,"[5.451e-004, 6.583e+305]","",506,507,507,"",-1,"Numerical issues (NaN/Inf in point, value, or grad_norm)."
"Эллиптический параболоид","{'c1': 1, 'c2': 250, 'cond': 250}",250,"[15., 15.]","GD (ExpDecay LR)","{'learning_rate_config': 'exponential_decay_lr(0.01, 0.95, 100)'}",1e-06,2000,"[5.335e-004, 5.902e+305]","",588,589,589,"",-1,"Numerical issues (NaN/Inf in point, value, or grad_norm)."
"Эллиптический параболоид","{'c1': 1, 'c2': 250, 'cond': 250}",250,"[15., 15.]","GD (StepDecay LR)","{'learning_rate_config': 'step_decay_lr(0.01, 0.5, 500)'}",1e-06,2000,"[4.983e-004, 4.509e+305]","",522,523,523,"",-1,"Numerical issues (NaN/Inf in point, value, or grad_norm)."
"Эллиптический параболоид","{'c1': 1, 'c2': 250, 'cond': 250}",250,"[15., 15.]","GD (LineSearch GS)","{'line_search_tol': 1e-07, 'learning_rate_config': 'GoldenSectionLineSearch'}",1e-06,2000,"[0., 0.]","0.00000",9,343,10,"8.0085e-07",0,"Custom optimizer converged (assumed)"
"Эллиптический параболоид","{'c1': 1, 'c2': 250, 'cond': 250}",250,"[15., 15.]","GD (Armijo LS)","{'initial_alpha': 1.0, 'c1_armijo': 0.0001, 'rho_armijo': 0.5, 'alpha_min_armijo': 1e-10, 'learning_rate_config': 'ArmijoLS(init_a=1.0,c1=1e-4,rho=0.5)'}",1e-06,2000,"[1.36e-06, 0.00e+00]","0.00000",2000,19934,2001,"4.9382e-06",0,"Custom optimizer converged (assumed)"
"Эллиптический параболоид","{'c1': 1, 'c2': 250, 'cond': 250}",250,"[15., 15.]","SciPy (Nelder-Mead)","{'method': 'Nelder-Mead'}",1e-06,1000,"[0., 0.]","0.00000",80,151,"0 (grad not used)","9.0795e-06",0,"Optimization terminated successfully."
"Эллиптический параболоид","{'c1': 1, 'c2': 250, 'cond': 250}",250,"[15., 15.]","SciPy (BFGS)","{'method': 'BFGS'}",1e-06,1000,"[0., 0.]","0.00000",5,8,8,"5.4217e-17",0,"Optimization terminated successfully."
"Эллиптический параболоид","{'c1': 1, 'c2': 250, 'cond': 250}",250,"[15., 15.]","SciPy (CG)","{'method': 'CG'}",1e-06,1000,"[0., 0.]","0.00000",2,6,6,"2.4515e-11",0,"Optimization terminated successfully."
"Эллиптический параболоид","{'c1': 1, 'c2': 250, 'cond': 250}",250,"[15., 15.]","Torch (SGD Const LR)","{'learning_rate_config': {'type': 'constant', 'initial_lr': 0.001}}",1e-06,20000,"[0., 0.]","0.00000",8600,8601,8601,"9.9949e-07",0,"Gradient norm below tolerance."
"Эллиптический параболоид","{'c1': 1, 'c2': 250, 'cond': 250}",250,"[15., 15.]","Torch (SGD ExpDecay LR)","{'learning_rate_config': {'type': 'exponential', 'initial_lr': 0.01, 'decay_rate': 0.95, 'decay_steps': 100}}",1e-06,20000,"[ 0., nan]","",20000,20000,20000,"",0,"Max iterations reached."
"Эллиптический параболоид","{'c1': 1, 'c2': 250, 'cond': 250}",250,"[15., 15.]","Torch (SGD StepDecay LR)","{'learning_rate_config': {'type': 'step', 'initial_lr': 0.01, 'drop_rate': 0.5, 'epochs_drop': 500}}",1e-06,20000,"[ 0., nan]","",20000,20000,20000,"",0,"Max iterations reached."
"Эллиптический параболоид","{'c1': 1, 'c2': 250, 'cond': 250}",250,"[-10.,  18.]","GD (Const LR=0.001)","{'learning_rate_config': 'constant_lr(0.001)'}",1e-06,2000,"[-0.182,  0.   ]","0.03328",2000,2001,2001,"3.6485e-01",0,"Custom optimizer converged (assumed)"
"Эллиптический параболоид","{'c1': 1, 'c2': 250, 'cond': 250}",250,"[-10.,  18.]","GD (Const LR=0.01)","{'learning_rate_config': 'constant_lr(0.01)'}",1e-06,2000,"[-3.634e-004,  7.900e+305]","",506,507,507,"",-1,"Numerical issues (NaN/Inf in point, value, or grad_norm)."
"Эллиптический параболоид","{'c1': 1, 'c2': 250, 'cond': 250}",250,"[-10.,  18.]","GD (ExpDecay LR)","{'learning_rate_config': 'exponential_decay_lr(0.01, 0.95, 100)'}",1e-06,2000,"[-3.556e-004,  7.082e+305]","",588,589,589,"",-1,"Numerical issues (NaN/Inf in point, value, or grad_norm)."
"Эллиптический параболоид","{'c1': 1, 'c2': 250, 'cond': 250}",250,"[-10.,  18.]","GD (StepDecay LR)","{'learning_rate_config': 'step_decay_lr(0.01, 0.5, 500)'}",1e-06,2000,"[-3.356e-004, -3.608e+305]","",521,522,522,"",-1,"Numerical issues (NaN/Inf in point, value, or grad_norm)."
"Эллиптический параболоид","{'c1': 1, 'c2': 250, 'cond': 250}",250,"[-10.,  18.]","GD (LineSearch GS)","{'line_search_tol': 1e-07, 'learning_rate_config': 'GoldenSectionLineSearch'}",1e-06,2000,"[0., 0.]","0.00000",7,267,8,"1.0396e-08",0,"Custom optimizer converged (assumed)"
"Эллиптический параболоид","{'c1': 1, 'c2': 250, 'cond': 250}",250,"[-10.,  18.]","GD (Armijo LS)","{'initial_alpha': 1.0, 'c1_armijo': 0.0001, 'rho_armijo': 0.5, 'alpha_min_armijo': 1e-10, 'learning_rate_config': 'ArmijoLS(init_a=1.0,c1=1e-4,rho=0.5)'}",1e-06,2000,"[0., 0.]","0.00000",2000,19934,2001,"5.2677e-06",0,"Custom optimizer converged (assumed)"
"Эллиптический параболоид","{'c1': 1, 'c2': 250, 'cond': 250}",250,"[-10.,  18.]","SciPy (Nelder-Mead)","{'method': 'Nelder-Mead'}",1e-06,1000,"[0., 0.]","0.00000",78,150,"0 (grad not used)","1.9604e-05",0,"Optimization terminated successfully."
"Эллиптический параболоид","{'c1': 1, 'c2': 250, 'cond': 250}",250,"[-10.,  18.]","SciPy (BFGS)","{'method': 'BFGS'}",1e-06,1000,"[0., 0.]","0.00000",9,11,11,"1.6678e-07",0,"Optimization terminated successfully."
"Эллиптический параболоид","{'c1': 1, 'c2': 250, 'cond': 250}",250,"[-10.,  18.]","SciPy (CG)","{'method': 'CG'}",1e-06,1000,"[0., 0.]","0.00000",2,6,6,"1.6563e-10",0,"Optimization terminated successfully."
"Эллиптический параболоид","{'c1': 1, 'c2': 250, 'cond': 250}",250,"[-10.,  18.]","Torch (SGD Const LR)","{'learning_rate_config': {'type': 'constant', 'initial_lr': 0.001}}",1e-06,20000,"[0., 0.]","0.00000",8398,8399,8399,"9.9843e-07",0,"Gradient norm below tolerance."
"Эллиптический параболоид","{'c1': 1, 'c2': 250, 'cond': 250}",250,"[-10.,  18.]","Torch (SGD ExpDecay LR)","{'learning_rate_config': {'type': 'exponential', 'initial_lr': 0.01, 'decay_rate': 0.95, 'decay_steps': 100}}",1e-06,20000,"[ 0., nan]","",20000,20000,20000,"",0,"Max iterations reached."
"Эллиптический параболоид","{'c1': 1, 'c2': 250, 'cond': 250}",250,"[-10.,  18.]","Torch (SGD StepDecay LR)","{'learning_rate_config': {'type': 'step', 'initial_lr': 0.01, 'drop_rate': 0.5, 'epochs_drop': 500}}",1e-06,20000,"[ 0., nan]","",20000,20000,20000,"",0,"Max iterations reached."
"Функция Экли","{'a': 20, 'b': 0.2, 'c': 3.141592653589793}","","[2.5, 2.5]","GD (Const LR=0.001)","{'learning_rate_config': 'constant_lr(0.001)'}",1e-06,2000,"[1.889, 1.889]","6.45143",1557,1558,1558,"9.9099e-07",0,"Custom optimizer converged (assumed)"
"Функция Экли","{'a': 20, 'b': 0.2, 'c': 3.141592653589793}","","[2.5, 2.5]","GD (Const LR=0.01)","{'learning_rate_config': 'constant_lr(0.01)'}",1e-06,2000,"[1.889, 1.889]","6.45143",149,150,150,"9.6313e-07",0,"Custom optimizer converged (assumed)"
"Функция Экли","{'a': 20, 'b': 0.2, 'c': 3.141592653589793}","","[2.5, 2.5]","GD (ExpDecay LR)","{'learning_rate_config': 'exponential_decay_lr(0.01, 0.95, 100)'}",1e-06,2000,"[1.889, 1.889]","6.45143",155,156,156,"9.9216e-07",0,"Custom optimizer converged (assumed)"
"Функция Экли","{'a': 20, 'b': 0.2, 'c': 3.141592653589793}","","[2.5, 2.5]","GD (StepDecay LR)","{'learning_rate_config': 'step_decay_lr(0.01, 0.5, 500)'}",1e-06,2000,"[1.889, 1.889]","6.45143",149,150,150,"9.6313e-07",0,"Custom optimizer converged (assumed)"
"Функция Экли","{'a': 20, 'b': 0.2, 'c': 3.141592653589793}","","[2.5, 2.5]","GD (LineSearch GS)","{'line_search_tol': 1e-07, 'learning_rate_config': 'GoldenSectionLineSearch'}",1e-06,2000,"[0., 0.]","0.00000",2000,76001,2001,"2.8284e+00",0,"Custom optimizer converged (assumed)"
"Функция Экли","{'a': 20, 'b': 0.2, 'c': 3.141592653589793}","","[2.5, 2.5]","GD (Armijo LS)","{'initial_alpha': 1.0, 'c1_armijo': 0.0001, 'rho_armijo': 0.5, 'alpha_min_armijo': 1e-10, 'learning_rate_config': 'ArmijoLS(init_a=1.0,c1=1e-4,rho=0.5)'}",1e-06,2000,"[0., 0.]","0.00000",14,254,15,"2.8284e+00",0,"Custom optimizer converged (assumed)"
"Функция Экли","{'a': 20, 'b': 0.2, 'c': 3.141592653589793}","","[2.5, 2.5]","SciPy (Nelder-Mead)","{'method': 'Nelder-Mead'}",1e-06,1000,"[1.889, 1.889]","6.45143",48,93,"0 (grad not used)","4.7555e-06",0,"Optimization terminated successfully."
"Функция Экли","{'a': 20, 'b': 0.2, 'c': 3.141592653589793}","","[2.5, 2.5]","SciPy (BFGS)","{'method': 'BFGS'}",1e-06,1000,"[1.889, 1.889]","6.45143",7,8,8,"5.4214e-10",0,"Optimization terminated successfully."
"Функция Экли","{'a': 20, 'b': 0.2, 'c': 3.141592653589793}","","[2.5, 2.5]","SciPy (CG)","{'method': 'CG'}",1e-06,1000,"[1.889, 1.889]","6.45143",3,8,8,"1.9599e-11",0,"Optimization terminated successfully."
"Функция Экли","{'a': 20, 'b': 0.2, 'c': 3.141592653589793}","","[2.5, 2.5]","Torch (SGD Const LR)","{'learning_rate_config': {'type': 'constant', 'initial_lr': 0.001}}",1e-06,20000,"[1.889, 1.889]","6.45143",1557,1558,1558,"9.9099e-07",0,"Gradient norm below tolerance."
"Функция Экли","{'a': 20, 'b': 0.2, 'c': 3.141592653589793}","","[2.5, 2.5]","Torch (SGD ExpDecay LR)","{'learning_rate_config': {'type': 'exponential', 'initial_lr': 0.01, 'decay_rate': 0.95, 'decay_steps': 100}}",1e-06,20000,"[1.889, 1.889]","6.45143",155,156,156,"9.9216e-07",0,"Gradient norm below tolerance."
"Функция Экли","{'a': 20, 'b': 0.2, 'c': 3.141592653589793}","","[2.5, 2.5]","Torch (SGD StepDecay LR)","{'learning_rate_config': {'type': 'step', 'initial_lr': 0.01, 'drop_rate': 0.5, 'epochs_drop': 500}}",1e-06,20000,"[1.889, 1.889]","6.45143",149,150,150,"9.6313e-07",0,"Gradient norm below tolerance."
"Функция Экли","{'a': 20, 'b': 0.2, 'c': 3.141592653589793}","","[-3. ,  1.5]","GD (Const LR=0.001)","{'learning_rate_config': 'constant_lr(0.001)'}",1e-06,2000,"[-1.889,  1.889]","6.45143",1588,1589,1589,"9.9342e-07",0,"Custom optimizer converged (assumed)"
"Функция Экли","{'a': 20, 'b': 0.2, 'c': 3.141592653589793}","","[-3. ,  1.5]","GD (Const LR=0.01)","{'learning_rate_config': 'constant_lr(0.01)'}",1e-06,2000,"[-1.889,  1.889]","6.45143",156,157,157,"9.8903e-07",0,"Custom optimizer converged (assumed)"
"Функция Экли","{'a': 20, 'b': 0.2, 'c': 3.141592653589793}","","[-3. ,  1.5]","GD (ExpDecay LR)","{'learning_rate_config': 'exponential_decay_lr(0.01, 0.95, 100)'}",1e-06,2000,"[-1.889,  1.889]","6.45143",163,164,164,"9.7494e-07",0,"Custom optimizer converged (assumed)"
"Функция Экли","{'a': 20, 'b': 0.2, 'c': 3.141592653589793}","","[-3. ,  1.5]","GD (StepDecay LR)","{'learning_rate_config': 'step_decay_lr(0.01, 0.5, 500)'}",1e-06,2000,"[-1.889,  1.889]","6.45143",156,157,157,"9.8903e-07",0,"Custom optimizer converged (assumed)"
"Функция Экли","{'a': 20, 'b': 0.2, 'c': 3.141592653589793}","","[-3. ,  1.5]","GD (LineSearch GS)","{'line_search_tol': 1e-07, 'learning_rate_config': 'GoldenSectionLineSearch'}",1e-06,2000,"[-1.889,  1.889]","6.45143",9,343,10,"2.1484e-07",0,"Custom optimizer converged (assumed)"
"Функция Экли","{'a': 20, 'b': 0.2, 'c': 3.141592653589793}","","[-3. ,  1.5]","GD (Armijo LS)","{'initial_alpha': 1.0, 'c1_armijo': 0.0001, 'rho_armijo': 0.5, 'alpha_min_armijo': 1e-10, 'learning_rate_config': 'ArmijoLS(init_a=1.0,c1=1e-4,rho=0.5)'}",1e-06,2000,"[-1.889,  1.889]","6.45143",29,139,30,"6.3700e-07",0,"Custom optimizer converged (assumed)"
"Функция Экли","{'a': 20, 'b': 0.2, 'c': 3.141592653589793}","","[-3. ,  1.5]","SciPy (Nelder-Mead)","{'method': 'Nelder-Mead'}",1e-06,1000,"[-1.889,  1.889]","6.45143",49,93,"0 (grad not used)","3.9152e-06",0,"Optimization terminated successfully."
"Функция Экли","{'a': 20, 'b': 0.2, 'c': 3.141592653589793}","","[-3. ,  1.5]","SciPy (BFGS)","{'method': 'BFGS'}",1e-06,1000,"[0.   , 1.811]","4.74188",5,11,11,"6.9879e-07",0,"Optimization terminated successfully."
"Функция Экли","{'a': 20, 'b': 0.2, 'c': 3.141592653589793}","","[-3. ,  1.5]","SciPy (CG)","{'method': 'CG'}",1e-06,1000,"[0.   , 1.811]","4.74188",4,12,12,"8.8143e-07",0,"Optimization terminated successfully."
"Функция Экли","{'a': 20, 'b': 0.2, 'c': 3.141592653589793}","","[-3. ,  1.5]","Torch (SGD Const LR)","{'learning_rate_config': {'type': 'constant', 'initial_lr': 0.001}}",1e-06,20000,"[-1.889,  1.889]","6.45143",1588,1589,1589,"9.9342e-07",0,"Gradient norm below tolerance."
"Функция Экли","{'a': 20, 'b': 0.2, 'c': 3.141592653589793}","","[-3. ,  1.5]","Torch (SGD ExpDecay LR)","{'learning_rate_config': {'type': 'exponential', 'initial_lr': 0.01, 'decay_rate': 0.95, 'decay_steps': 100}}",1e-06,20000,"[-1.889,  1.889]","6.45143",163,164,164,"9.7494e-07",0,"Gradient norm below tolerance."
"Функция Экли","{'a': 20, 'b': 0.2, 'c': 3.141592653589793}","","[-3. ,  1.5]","Torch (SGD StepDecay LR)","{'learning_rate_config': {'type': 'step', 'initial_lr': 0.01, 'drop_rate': 0.5, 'epochs_drop': 500}}",1e-06,20000,"[-1.889,  1.889]","6.45143",156,157,157,"9.8903e-07",0,"Gradient norm below tolerance."
"Функция Экли","{'a': 20, 'b': 0.2, 'c': 3.141592653589793}","","[ 0.1, -0.2]","GD (Const LR=0.001)","{'learning_rate_config': 'constant_lr(0.001)'}",1e-06,2000,"[-0.001,  0.001]","0.00404",2000,2001,2001,"2.8470e+00",0,"Custom optimizer converged (assumed)"
"Функция Экли","{'a': 20, 'b': 0.2, 'c': 3.141592653589793}","","[ 0.1, -0.2]","GD (Const LR=0.01)","{'learning_rate_config': 'constant_lr(0.01)'}",1e-06,2000,"[-0.007,  0.013]","0.04427",2000,2001,2001,"3.0251e+00",0,"Custom optimizer converged (assumed)"
"Функция Экли","{'a': 20, 'b': 0.2, 'c': 3.141592653589793}","","[ 0.1, -0.2]","GD (ExpDecay LR)","{'learning_rate_config': 'exponential_decay_lr(0.01, 0.95, 100)'}",1e-06,2000,"[-0.002,  0.005]","0.01486",2000,2001,2001,"2.8960e+00",0,"Custom optimizer converged (assumed)"
"Функция Экли","{'a': 20, 'b': 0.2, 'c': 3.141592653589793}","","[ 0.1, -0.2]","GD (StepDecay LR)","{'learning_rate_config': 'step_decay_lr(0.01, 0.5, 500)'}",1e-06,2000,"[0., 0.]","0.00000",2000,2001,2001,"2.8284e+00",0,"Custom optimizer converged (assumed)"
"Функция Экли","{'a': 20, 'b': 0.2, 'c': 3.141592653589793}","","[ 0.1, -0.2]","GD (LineSearch GS)","{'line_search_tol': 1e-07, 'learning_rate_config': 'GoldenSectionLineSearch'}",1e-06,2000,"[0., 0.]","0.00000",2000,76001,2001,"2.8284e+00",0,"Custom optimizer converged (assumed)"
"Функция Экли","{'a': 20, 'b': 0.2, 'c': 3.141592653589793}","","[ 0.1, -0.2]","GD (Armijo LS)","{'initial_alpha': 1.0, 'c1_armijo': 0.0001, 'rho_armijo': 0.5, 'alpha_min_armijo': 1e-10, 'learning_rate_config': 'ArmijoLS(init_a=1.0,c1=1e-4,rho=0.5)'}",1e-06,2000,"[0., 0.]","0.00000",14,337,15,"2.8284e+00",0,"Custom optimizer converged (assumed)"
"Функция Экли","{'a': 20, 'b': 0.2, 'c': 3.141592653589793}","","[ 0.1, -0.2]","SciPy (Nelder-Mead)","{'method': 'Nelder-Mead'}",1e-06,1000,"[0., 0.]","0.00000",52,99,"0 (grad not used)","2.8284e+00",0,"Optimization terminated successfully."
"Функция Экли","{'a': 20, 'b': 0.2, 'c': 3.141592653589793}","","[ 0.1, -0.2]","SciPy (BFGS)","{'method': 'BFGS'}",1e-06,1000,"[0., 0.]","0.00000",45,145,133,"2.8284e+00",2,"Desired error not necessarily achieved due to precision loss."
"Функция Экли","{'a': 20, 'b': 0.2, 'c': 3.141592653589793}","","[ 0.1, -0.2]","SciPy (CG)","{'method': 'CG'}",1e-06,1000,"[0., 0.]","0.00000",34,141,129,"2.8284e+00",2,"Desired error not necessarily achieved due to precision loss."
"Функция Экли","{'a': 20, 'b': 0.2, 'c': 3.141592653589793}","","[ 0.1, -0.2]","Torch (SGD Const LR)","{'learning_rate_config': {'type': 'constant', 'initial_lr': 0.001}}",1e-06,20000,"[-0.001,  0.001]","0.00404",20000,20000,20000,"2.8470e+00",0,"Max iterations reached."
"Функция Экли","{'a': 20, 'b': 0.2, 'c': 3.141592653589793}","","[ 0.1, -0.2]","Torch (SGD ExpDecay LR)","{'learning_rate_config': {'type': 'exponential', 'initial_lr': 0.01, 'decay_rate': 0.95, 'decay_steps': 100}}",1e-06,20000,"[0., 0.]","0.00000",20000,20000,20000,"2.8284e+00",0,"Max iterations reached."
"Функция Экли","{'a': 20, 'b': 0.2, 'c': 3.141592653589793}","","[ 0.1, -0.2]","Torch (SGD StepDecay LR)","{'learning_rate_config': {'type': 'step', 'initial_lr': 0.01, 'drop_rate': 0.5, 'epochs_drop': 500}}",1e-06,20000,"[0., 0.]","0.00000",20000,20000,20000,"2.8284e+00",0,"Max iterations reached."
"Функция Экли","{'a': 20, 'b': 0.2, 'c': 3.141592653589793}","","[-4, -4]","GD (Const LR=0.001)","{'learning_rate_config': 'constant_lr(0.001)'}",1e-06,2000,"[-3.93, -3.93]","10.95141",1155,1156,1156,"9.9648e-07",0,"Custom optimizer converged (assumed)"
"Функция Экли","{'a': 20, 'b': 0.2, 'c': 3.141592653589793}","","[-4, -4]","GD (Const LR=0.01)","{'learning_rate_config': 'constant_lr(0.01)'}",1e-06,2000,"[-3.93, -3.93]","10.95141",109,110,110,"9.9937e-07",0,"Custom optimizer converged (assumed)"
"Функция Экли","{'a': 20, 'b': 0.2, 'c': 3.141592653589793}","","[-4, -4]","GD (ExpDecay LR)","{'learning_rate_config': 'exponential_decay_lr(0.01, 0.95, 100)'}",1e-06,2000,"[-3.93, -3.93]","10.95141",113,114,114,"9.2435e-07",0,"Custom optimizer converged (assumed)"
"Функция Экли","{'a': 20, 'b': 0.2, 'c': 3.141592653589793}","","[-4, -4]","GD (StepDecay LR)","{'learning_rate_config': 'step_decay_lr(0.01, 0.5, 500)'}",1e-06,2000,"[-3.93, -3.93]","10.95141",109,110,110,"9.9937e-07",0,"Custom optimizer converged (assumed)"
"Функция Экли","{'a': 20, 'b': 0.2, 'c': 3.141592653589793}","","[-4, -4]","GD (LineSearch GS)","{'line_search_tol': 1e-07, 'learning_rate_config': 'GoldenSectionLineSearch'}",1e-06,2000,"[-3.93, -3.93]","10.95141",1,39,2,"7.1587e-09",0,"Custom optimizer converged (assumed)"
"Функция Экли","{'a': 20, 'b': 0.2, 'c': 3.141592653589793}","","[-4, -4]","GD (Armijo LS)","{'initial_alpha': 1.0, 'c1_armijo': 0.0001, 'rho_armijo': 0.5, 'alpha_min_armijo': 1e-10, 'learning_rate_config': 'ArmijoLS(init_a=1.0,c1=1e-4,rho=0.5)'}",1e-06,2000,"[-3.93, -3.93]","10.95141",20,101,21,"9.5094e-07",0,"Custom optimizer converged (assumed)"
"Функция Экли","{'a': 20, 'b': 0.2, 'c': 3.141592653589793}","","[-4, -4]","SciPy (Nelder-Mead)","{'method': 'Nelder-Mead'}",1e-06,1000,"[-3.93, -3.93]","10.95141",43,83,"0 (grad not used)","4.7389e-06",0,"Optimization terminated successfully."
"Функция Экли","{'a': 20, 'b': 0.2, 'c': 3.141592653589793}","","[-4, -4]","SciPy (BFGS)","{'method': 'BFGS'}",1e-06,1000,"[-3.93, -3.93]","10.95141",5,7,7,"4.5087e-10",0,"Optimization terminated successfully."
"Функция Экли","{'a': 20, 'b': 0.2, 'c': 3.141592653589793}","","[-4, -4]","SciPy (CG)","{'method': 'CG'}",1e-06,1000,"[-3.93, -3.93]","10.95141",3,10,8,"7.7304e-11",0,"Optimization terminated successfully."
"Функция Экли","{'a': 20, 'b': 0.2, 'c': 3.141592653589793}","","[-4, -4]","Torch (SGD Const LR)","{'learning_rate_config': {'type': 'constant', 'initial_lr': 0.001}}",1e-06,20000,"[-3.93, -3.93]","10.95141",1155,1156,1156,"9.9648e-07",0,"Gradient norm below tolerance."
"Функция Экли","{'a': 20, 'b': 0.2, 'c': 3.141592653589793}","","[-4, -4]","Torch (SGD ExpDecay LR)","{'learning_rate_config': {'type': 'exponential', 'initial_lr': 0.01, 'decay_rate': 0.95, 'decay_steps': 100}}",1e-06,20000,"[-3.93, -3.93]","10.95141",113,114,114,"9.2435e-07",0,"Gradient norm below tolerance."
"Функция Экли","{'a': 20, 'b': 0.2, 'c': 3.141592653589793}","","[-4, -4]","Torch (SGD StepDecay LR)","{'learning_rate_config': {'type': 'step', 'initial_lr': 0.01, 'drop_rate': 0.5, 'epochs_drop': 500}}",1e-06,20000,"[-3.93, -3.93]","10.95141",109,110,110,"9.9937e-07",0,"Gradient norm below tolerance."
"Функция Экли","{'a': 20, 'b': 0.2, 'c': 6.283185307179586}","","[2.5, 2.5]","GD (Const LR=0.001)","{'learning_rate_config': 'constant_lr(0.001)'}",1e-06,2000,"[1.974, 1.974]","6.55965",450,451,451,"9.8895e-07",0,"Custom optimizer converged (assumed)"
"Функция Экли","{'a': 20, 'b': 0.2, 'c': 6.283185307179586}","","[2.5, 2.5]","GD (Const LR=0.01)","{'learning_rate_config': 'constant_lr(0.01)'}",1e-06,2000,"[1.974, 1.974]","6.55965",38,39,39,"7.7910e-07",0,"Custom optimizer converged (assumed)"
"Функция Экли","{'a': 20, 'b': 0.2, 'c': 6.283185307179586}","","[2.5, 2.5]","GD (ExpDecay LR)","{'learning_rate_config': 'exponential_decay_lr(0.01, 0.95, 100)'}",1e-06,2000,"[1.974, 1.974]","6.55965",39,40,40,"5.5363e-07",0,"Custom optimizer converged (assumed)"
"Функция Экли","{'a': 20, 'b': 0.2, 'c': 6.283185307179586}","","[2.5, 2.5]","GD (StepDecay LR)","{'learning_rate_config': 'step_decay_lr(0.01, 0.5, 500)'}",1e-06,2000,"[1.974, 1.974]","6.55965",38,39,39,"7.7910e-07",0,"Custom optimizer converged (assumed)"
"Функция Экли","{'a': 20, 'b': 0.2, 'c': 6.283185307179586}","","[2.5, 2.5]","GD (LineSearch GS)","{'line_search_tol': 1e-07, 'learning_rate_config': 'GoldenSectionLineSearch'}",1e-06,2000,"[1.974, 1.974]","6.55965",2,77,3,"4.1732e-07",0,"Custom optimizer converged (assumed)"
"Функция Экли","{'a': 20, 'b': 0.2, 'c': 6.283185307179586}","","[2.5, 2.5]","GD (Armijo LS)","{'initial_alpha': 1.0, 'c1_armijo': 0.0001, 'rho_armijo': 0.5, 'alpha_min_armijo': 1e-10, 'learning_rate_config': 'ArmijoLS(init_a=1.0,c1=1e-4,rho=0.5)'}",1e-06,2000,"[0., 0.]","0.00000",24,434,25,"2.8284e+00",0,"Custom optimizer converged (assumed)"
"Функция Экли","{'a': 20, 'b': 0.2, 'c': 6.283185307179586}","","[2.5, 2.5]","SciPy (Nelder-Mead)","{'method': 'Nelder-Mead'}",1e-06,1000,"[2.973, 1.982]","7.96171",45,87,"0 (grad not used)","1.4515e-05",0,"Optimization terminated successfully."
"Функция Экли","{'a': 20, 'b': 0.2, 'c': 6.283185307179586}","","[2.5, 2.5]","SciPy (BFGS)","{'method': 'BFGS'}",1e-06,1000,"[1.974, 1.974]","6.55965",4,10,10,"7.5982e-11",0,"Optimization terminated successfully."
"Функция Экли","{'a': 20, 'b': 0.2, 'c': 6.283185307179586}","","[2.5, 2.5]","SciPy (CG)","{'method': 'CG'}",1e-06,1000,"[1.974, 1.974]","6.55965",2,13,12,"1.7157e-08",0,"Optimization terminated successfully."
"Функция Экли","{'a': 20, 'b': 0.2, 'c': 6.283185307179586}","","[2.5, 2.5]","Torch (SGD Const LR)","{'learning_rate_config': {'type': 'constant', 'initial_lr': 0.001}}",1e-06,20000,"[1.974, 1.974]","6.55965",450,451,451,"9.8895e-07",0,"Gradient norm below tolerance."
"Функция Экли","{'a': 20, 'b': 0.2, 'c': 6.283185307179586}","","[2.5, 2.5]","Torch (SGD ExpDecay LR)","{'learning_rate_config': {'type': 'exponential', 'initial_lr': 0.01, 'decay_rate': 0.95, 'decay_steps': 100}}",1e-06,20000,"[1.974, 1.974]","6.55965",39,40,40,"5.5363e-07",0,"Gradient norm below tolerance."
"Функция Экли","{'a': 20, 'b': 0.2, 'c': 6.283185307179586}","","[2.5, 2.5]","Torch (SGD StepDecay LR)","{'learning_rate_config': {'type': 'step', 'initial_lr': 0.01, 'drop_rate': 0.5, 'epochs_drop': 500}}",1e-06,20000,"[1.974, 1.974]","6.55965",38,39,39,"7.7910e-07",0,"Gradient norm below tolerance."
"Функция Экли","{'a': 20, 'b': 0.2, 'c': 6.283185307179586}","","[-3. ,  1.5]","GD (Const LR=0.001)","{'learning_rate_config': 'constant_lr(0.001)'}",1e-06,2000,"[-2.967,  0.989]","7.18095",413,414,414,"9.7148e-07",0,"Custom optimizer converged (assumed)"
"Функция Экли","{'a': 20, 'b': 0.2, 'c': 6.283185307179586}","","[-3. ,  1.5]","GD (Const LR=0.01)","{'learning_rate_config': 'constant_lr(0.01)'}",1e-06,2000,"[-2.967,  0.989]","7.18095",35,36,36,"5.7852e-07",0,"Custom optimizer converged (assumed)"
"Функция Экли","{'a': 20, 'b': 0.2, 'c': 6.283185307179586}","","[-3. ,  1.5]","GD (ExpDecay LR)","{'learning_rate_config': 'exponential_decay_lr(0.01, 0.95, 100)'}",1e-06,2000,"[-2.967,  0.989]","7.18095",35,36,36,"8.0013e-07",0,"Custom optimizer converged (assumed)"
"Функция Экли","{'a': 20, 'b': 0.2, 'c': 6.283185307179586}","","[-3. ,  1.5]","GD (StepDecay LR)","{'learning_rate_config': 'step_decay_lr(0.01, 0.5, 500)'}",1e-06,2000,"[-2.967,  0.989]","7.18095",35,36,36,"5.7852e-07",0,"Custom optimizer converged (assumed)"
"Функция Экли","{'a': 20, 'b': 0.2, 'c': 6.283185307179586}","","[-3. ,  1.5]","GD (LineSearch GS)","{'line_search_tol': 1e-07, 'learning_rate_config': 'GoldenSectionLineSearch'}",1e-06,2000,"[-1.965,  0.982]","5.38186",3,115,4,"3.7547e-07",0,"Custom optimizer converged (assumed)"
"Функция Экли","{'a': 20, 'b': 0.2, 'c': 6.283185307179586}","","[-3. ,  1.5]","GD (Armijo LS)","{'initial_alpha': 1.0, 'c1_armijo': 0.0001, 'rho_armijo': 0.5, 'alpha_min_armijo': 1e-10, 'learning_rate_config': 'ArmijoLS(init_a=1.0,c1=1e-4,rho=0.5)'}",1e-06,2000,"[0., 0.]","0.00000",19,339,20,"2.8284e+00",0,"Custom optimizer converged (assumed)"
"Функция Экли","{'a': 20, 'b': 0.2, 'c': 6.283185307179586}","","[-3. ,  1.5]","SciPy (Nelder-Mead)","{'method': 'Nelder-Mead'}",1e-06,1000,"[-2.967,  0.989]","7.18095",51,96,"0 (grad not used)","1.9475e-05",0,"Optimization terminated successfully."
"Функция Экли","{'a': 20, 'b': 0.2, 'c': 6.283185307179586}","","[-3. ,  1.5]","SciPy (BFGS)","{'method': 'BFGS'}",1e-06,1000,"[ 0.   , -0.952]","2.57993",8,16,16,"2.3987e-08",0,"Optimization terminated successfully."
"Функция Экли","{'a': 20, 'b': 0.2, 'c': 6.283185307179586}","","[-3. ,  1.5]","SciPy (CG)","{'method': 'CG'}",1e-06,1000,"[0., 0.]","0.00000",1,100,88,"2.8284e+00",2,"Desired error not necessarily achieved due to precision loss."
"Функция Экли","{'a': 20, 'b': 0.2, 'c': 6.283185307179586}","","[-3. ,  1.5]","Torch (SGD Const LR)","{'learning_rate_config': {'type': 'constant', 'initial_lr': 0.001}}",1e-06,20000,"[-2.967,  0.989]","7.18095",413,414,414,"9.7148e-07",0,"Gradient norm below tolerance."
"Функция Экли","{'a': 20, 'b': 0.2, 'c': 6.283185307179586}","","[-3. ,  1.5]","Torch (SGD ExpDecay LR)","{'learning_rate_config': {'type': 'exponential', 'initial_lr': 0.01, 'decay_rate': 0.95, 'decay_steps': 100}}",1e-06,20000,"[-2.967,  0.989]","7.18095",35,36,36,"8.0013e-07",0,"Gradient norm below tolerance."
"Функция Экли","{'a': 20, 'b': 0.2, 'c': 6.283185307179586}","","[-3. ,  1.5]","Torch (SGD StepDecay LR)","{'learning_rate_config': {'type': 'step', 'initial_lr': 0.01, 'drop_rate': 0.5, 'epochs_drop': 500}}",1e-06,20000,"[-2.967,  0.989]","7.18095",35,36,36,"5.7852e-07",0,"Gradient norm below tolerance."
"Функция Экли","{'a': 20, 'b': 0.2, 'c': 6.283185307179586}","","[ 0.1, -0.2]","GD (Const LR=0.001)","{'learning_rate_config': 'constant_lr(0.001)'}",1e-06,2000,"[ 0.001, -0.001]","0.00417",2000,2001,2001,"2.9058e+00",0,"Custom optimizer converged (assumed)"
"Функция Экли","{'a': 20, 'b': 0.2, 'c': 6.283185307179586}","","[ 0.1, -0.2]","GD (Const LR=0.01)","{'learning_rate_config': 'constant_lr(0.01)'}",1e-06,2000,"[ 0.013, -0.014]","0.06425",2000,2001,2001,"3.8481e+00",0,"Custom optimizer converged (assumed)"
"Функция Экли","{'a': 20, 'b': 0.2, 'c': 6.283185307179586}","","[ 0.1, -0.2]","GD (ExpDecay LR)","{'learning_rate_config': 'exponential_decay_lr(0.01, 0.95, 100)'}",1e-06,2000,"[ 0.003, -0.005]","0.01669",2000,2001,2001,"3.1269e+00",0,"Custom optimizer converged (assumed)"
"Функция Экли","{'a': 20, 'b': 0.2, 'c': 6.283185307179586}","","[ 0.1, -0.2]","GD (StepDecay LR)","{'learning_rate_config': 'step_decay_lr(0.01, 0.5, 500)'}",1e-06,2000,"[0., 0.]","0.00000",2000,2001,2001,"2.8284e+00",0,"Custom optimizer converged (assumed)"
"Функция Экли","{'a': 20, 'b': 0.2, 'c': 6.283185307179586}","","[ 0.1, -0.2]","GD (LineSearch GS)","{'line_search_tol': 1e-07, 'learning_rate_config': 'GoldenSectionLineSearch'}",1e-06,2000,"[0., 0.]","0.00000",2000,76001,2001,"2.8284e+00",0,"Custom optimizer converged (assumed)"
"Функция Экли","{'a': 20, 'b': 0.2, 'c': 6.283185307179586}","","[ 0.1, -0.2]","GD (Armijo LS)","{'initial_alpha': 1.0, 'c1_armijo': 0.0001, 'rho_armijo': 0.5, 'alpha_min_armijo': 1e-10, 'learning_rate_config': 'ArmijoLS(init_a=1.0,c1=1e-4,rho=0.5)'}",1e-06,2000,"[0., 0.]","0.00000",15,328,16,"2.8284e+00",0,"Custom optimizer converged (assumed)"
"Функция Экли","{'a': 20, 'b': 0.2, 'c': 6.283185307179586}","","[ 0.1, -0.2]","SciPy (Nelder-Mead)","{'method': 'Nelder-Mead'}",1e-06,1000,"[0., 0.]","0.00000",52,99,"0 (grad not used)","2.8284e+00",0,"Optimization terminated successfully."
"Функция Экли","{'a': 20, 'b': 0.2, 'c': 6.283185307179586}","","[ 0.1, -0.2]","SciPy (BFGS)","{'method': 'BFGS'}",1e-06,1000,"[0., 0.]","0.00000",45,146,134,"2.8284e+00",2,"Desired error not necessarily achieved due to precision loss."
"Функция Экли","{'a': 20, 'b': 0.2, 'c': 6.283185307179586}","","[ 0.1, -0.2]","SciPy (CG)","{'method': 'CG'}",1e-06,1000,"[0., 0.]","0.00000",37,136,124,"2.8284e+00",2,"Desired error not necessarily achieved due to precision loss."
"Функция Экли","{'a': 20, 'b': 0.2, 'c': 6.283185307179586}","","[ 0.1, -0.2]","Torch (SGD Const LR)","{'learning_rate_config': {'type': 'constant', 'initial_lr': 0.001}}",1e-06,20000,"[ 0.001, -0.001]","0.00417",20000,20000,20000,"2.9058e+00",0,"Max iterations reached."
"Функция Экли","{'a': 20, 'b': 0.2, 'c': 6.283185307179586}","","[ 0.1, -0.2]","Torch (SGD ExpDecay LR)","{'learning_rate_config': {'type': 'exponential', 'initial_lr': 0.01, 'decay_rate': 0.95, 'decay_steps': 100}}",1e-06,20000,"[0., 0.]","0.00000",20000,20000,20000,"2.8285e+00",0,"Max iterations reached."
"Функция Экли","{'a': 20, 'b': 0.2, 'c': 6.283185307179586}","","[ 0.1, -0.2]","Torch (SGD StepDecay LR)","{'learning_rate_config': {'type': 'step', 'initial_lr': 0.01, 'drop_rate': 0.5, 'epochs_drop': 500}}",1e-06,20000,"[0., 0.]","0.00000",20000,20000,20000,"2.8284e+00",0,"Max iterations reached."
"Функция Экли","{'a': 20, 'b': 0.2, 'c': 6.283185307179586}","","[-4, -4]","GD (Const LR=0.001)","{'learning_rate_config': 'constant_lr(0.001)'}",1e-06,2000,"[-3.983, -3.983]","10.99826",262,263,263,"9.5528e-07",0,"Custom optimizer converged (assumed)"
"Функция Экли","{'a': 20, 'b': 0.2, 'c': 6.283185307179586}","","[-4, -4]","GD (Const LR=0.01)","{'learning_rate_config': 'constant_lr(0.01)'}",1e-06,2000,"[-3.983, -3.983]","10.99826",19,20,20,"9.5129e-07",0,"Custom optimizer converged (assumed)"
"Функция Экли","{'a': 20, 'b': 0.2, 'c': 6.283185307179586}","","[-4, -4]","GD (ExpDecay LR)","{'learning_rate_config': 'exponential_decay_lr(0.01, 0.95, 100)'}",1e-06,2000,"[-3.983, -3.983]","10.99826",20,21,21,"5.0482e-07",0,"Custom optimizer converged (assumed)"
"Функция Экли","{'a': 20, 'b': 0.2, 'c': 6.283185307179586}","","[-4, -4]","GD (StepDecay LR)","{'learning_rate_config': 'step_decay_lr(0.01, 0.5, 500)'}",1e-06,2000,"[-3.983, -3.983]","10.99826",19,20,20,"9.5129e-07",0,"Custom optimizer converged (assumed)"
"Функция Экли","{'a': 20, 'b': 0.2, 'c': 6.283185307179586}","","[-4, -4]","GD (LineSearch GS)","{'line_search_tol': 1e-07, 'learning_rate_config': 'GoldenSectionLineSearch'}",1e-06,2000,"[0., 0.]","0.00000",2000,76001,2001,"2.8284e+00",0,"Custom optimizer converged (assumed)"
"Функция Экли","{'a': 20, 'b': 0.2, 'c': 6.283185307179586}","","[-4, -4]","GD (Armijo LS)","{'initial_alpha': 1.0, 'c1_armijo': 0.0001, 'rho_armijo': 0.5, 'alpha_min_armijo': 1e-10, 'learning_rate_config': 'ArmijoLS(init_a=1.0,c1=1e-4,rho=0.5)'}",1e-06,2000,"[0., 0.]","0.00000",19,317,20,"2.8284e+00",0,"Custom optimizer converged (assumed)"
"Функция Экли","{'a': 20, 'b': 0.2, 'c': 6.283185307179586}","","[-4, -4]","SciPy (Nelder-Mead)","{'method': 'Nelder-Mead'}",1e-06,1000,"[-3.983, -3.983]","10.99826",47,89,"0 (grad not used)","1.6496e-05",0,"Optimization terminated successfully."
"Функция Экли","{'a': 20, 'b': 0.2, 'c': 6.283185307179586}","","[-4, -4]","SciPy (BFGS)","{'method': 'BFGS'}",1e-06,1000,"[-3.983, -3.983]","10.99826",3,6,6,"4.0024e-08",0,"Optimization terminated successfully."
"Функция Экли","{'a': 20, 'b': 0.2, 'c': 6.283185307179586}","","[-4, -4]","SciPy (CG)","{'method': 'CG'}",1e-06,1000,"[-3.983, -3.983]","10.99826",3,8,8,"1.5894e-12",0,"Optimization terminated successfully."
"Функция Экли","{'a': 20, 'b': 0.2, 'c': 6.283185307179586}","","[-4, -4]","Torch (SGD Const LR)","{'learning_rate_config': {'type': 'constant', 'initial_lr': 0.001}}",1e-06,20000,"[-3.983, -3.983]","10.99826",262,263,263,"9.5528e-07",0,"Gradient norm below tolerance."
"Функция Экли","{'a': 20, 'b': 0.2, 'c': 6.283185307179586}","","[-4, -4]","Torch (SGD ExpDecay LR)","{'learning_rate_config': {'type': 'exponential', 'initial_lr': 0.01, 'decay_rate': 0.95, 'decay_steps': 100}}",1e-06,20000,"[-3.983, -3.983]","10.99826",20,21,21,"5.0482e-07",0,"Gradient norm below tolerance."
"Функция Экли","{'a': 20, 'b': 0.2, 'c': 6.283185307179586}","","[-4, -4]","Torch (SGD StepDecay LR)","{'learning_rate_config': {'type': 'step', 'initial_lr': 0.01, 'drop_rate': 0.5, 'epochs_drop': 500}}",1e-06,20000,"[-3.983, -3.983]","10.99826",19,20,20,"9.5129e-07",0,"Gradient norm below tolerance."
"Функция Экли","{'a': 20, 'b': 0.2, 'c': 12.566370614359172}","","[2.5, 2.5]","GD (Const LR=0.001)","{'learning_rate_config': 'constant_lr(0.001)'}",1e-06,2000,"[2.494, 2.494]","7.86251",61,62,62,"8.0915e-07",0,"Custom optimizer converged (assumed)"
"Функция Экли","{'a': 20, 'b': 0.2, 'c': 12.566370614359172}","","[2.5, 2.5]","GD (Const LR=0.01)","{'learning_rate_config': 'constant_lr(0.01)'}",1e-06,2000,"[2.516, 2.516]","7.96501",2000,2001,2001,"6.5185e+00",0,"Custom optimizer converged (assumed)"
"Функция Экли","{'a': 20, 'b': 0.2, 'c': 12.566370614359172}","","[2.5, 2.5]","GD (ExpDecay LR)","{'learning_rate_config': 'exponential_decay_lr(0.01, 0.95, 100)'}",1e-06,2000,"[2.494, 2.494]","7.86251",282,283,283,"8.9348e-07",0,"Custom optimizer converged (assumed)"
"Функция Экли","{'a': 20, 'b': 0.2, 'c': 12.566370614359172}","","[2.5, 2.5]","GD (StepDecay LR)","{'learning_rate_config': 'step_decay_lr(0.01, 0.5, 500)'}",1e-06,2000,"[2.494, 2.494]","7.86251",505,506,506,"2.6478e-07",0,"Custom optimizer converged (assumed)"
"Функция Экли","{'a': 20, 'b': 0.2, 'c': 12.566370614359172}","","[2.5, 2.5]","GD (LineSearch GS)","{'line_search_tol': 1e-07, 'learning_rate_config': 'GoldenSectionLineSearch'}",1e-06,2000,"[1.994, 1.994]","6.58520",1,39,2,"1.8429e-07",0,"Custom optimizer converged (assumed)"
"Функция Экли","{'a': 20, 'b': 0.2, 'c': 12.566370614359172}","","[2.5, 2.5]","GD (Armijo LS)","{'initial_alpha': 1.0, 'c1_armijo': 0.0001, 'rho_armijo': 0.5, 'alpha_min_armijo': 1e-10, 'learning_rate_config': 'ArmijoLS(init_a=1.0,c1=1e-4,rho=0.5)'}",1e-06,2000,"[0., 0.]","0.00000",23,409,24,"2.8284e+00",0,"Custom optimizer converged (assumed)"
"Функция Экли","{'a': 20, 'b': 0.2, 'c': 12.566370614359172}","","[2.5, 2.5]","SciPy (Nelder-Mead)","{'method': 'Nelder-Mead'}",1e-06,1000,"[2.494, 2.494]","7.86251",44,82,"0 (grad not used)","9.4607e-05",0,"Optimization terminated successfully."
"Функция Экли","{'a': 20, 'b': 0.2, 'c': 12.566370614359172}","","[2.5, 2.5]","SciPy (BFGS)","{'method': 'BFGS'}",1e-06,1000,"[2.494, 2.494]","7.86251",3,6,6,"2.2627e-07",0,"Optimization terminated successfully."
"Функция Экли","{'a': 20, 'b': 0.2, 'c': 12.566370614359172}","","[2.5, 2.5]","SciPy (CG)","{'method': 'CG'}",1e-06,1000,"[2.494, 2.494]","7.86251",2,11,8,"9.1951e-08",0,"Optimization terminated successfully."
"Функция Экли","{'a': 20, 'b': 0.2, 'c': 12.566370614359172}","","[2.5, 2.5]","Torch (SGD Const LR)","{'learning_rate_config': {'type': 'constant', 'initial_lr': 0.001}}",1e-06,20000,"[2.494, 2.494]","7.86251",61,62,62,"8.0915e-07",0,"Gradient norm below tolerance."
"Функция Экли","{'a': 20, 'b': 0.2, 'c': 12.566370614359172}","","[2.5, 2.5]","Torch (SGD ExpDecay LR)","{'learning_rate_config': {'type': 'exponential', 'initial_lr': 0.01, 'decay_rate': 0.95, 'decay_steps': 100}}",1e-06,20000,"[2.494, 2.494]","7.86251",282,283,283,"8.9348e-07",0,"Gradient norm below tolerance."
"Функция Экли","{'a': 20, 'b': 0.2, 'c': 12.566370614359172}","","[2.5, 2.5]","Torch (SGD StepDecay LR)","{'learning_rate_config': {'type': 'step', 'initial_lr': 0.01, 'drop_rate': 0.5, 'epochs_drop': 500}}",1e-06,20000,"[2.494, 2.494]","7.86251",506,507,507,"2.6478e-07",0,"Gradient norm below tolerance."
"Функция Экли","{'a': 20, 'b': 0.2, 'c': 12.566370614359172}","","[-3. ,  1.5]","GD (Const LR=0.001)","{'learning_rate_config': 'constant_lr(0.001)'}",1e-06,2000,"[-2.993,  1.496]","7.54687",61,62,62,"8.4966e-07",0,"Custom optimizer converged (assumed)"
"Функция Экли","{'a': 20, 'b': 0.2, 'c': 12.566370614359172}","","[-3. ,  1.5]","GD (Const LR=0.01)","{'learning_rate_config': 'constant_lr(0.01)'}",1e-06,2000,"[-3.007,  1.524]","7.65100",2000,2001,2001,"6.5306e+00",0,"Custom optimizer converged (assumed)"
"Функция Экли","{'a': 20, 'b': 0.2, 'c': 12.566370614359172}","","[-3. ,  1.5]","GD (ExpDecay LR)","{'learning_rate_config': 'exponential_decay_lr(0.01, 0.95, 100)'}",1e-06,2000,"[-2.993,  1.496]","7.54687",299,300,300,"9.9271e-07",0,"Custom optimizer converged (assumed)"
"Функция Экли","{'a': 20, 'b': 0.2, 'c': 12.566370614359172}","","[-3. ,  1.5]","GD (StepDecay LR)","{'learning_rate_config': 'step_decay_lr(0.01, 0.5, 500)'}",1e-06,2000,"[-2.993,  1.496]","7.54687",505,506,506,"3.1660e-07",0,"Custom optimizer converged (assumed)"
"Функция Экли","{'a': 20, 'b': 0.2, 'c': 12.566370614359172}","","[-3. ,  1.5]","GD (LineSearch GS)","{'line_search_tol': 1e-07, 'learning_rate_config': 'GoldenSectionLineSearch'}",1e-06,2000,"[-1.991,  0.996]","5.41219",4,153,5,"9.9331e-07",0,"Custom optimizer converged (assumed)"
"Функция Экли","{'a': 20, 'b': 0.2, 'c': 12.566370614359172}","","[-3. ,  1.5]","GD (Armijo LS)","{'initial_alpha': 1.0, 'c1_armijo': 0.0001, 'rho_armijo': 0.5, 'alpha_min_armijo': 1e-10, 'learning_rate_config': 'ArmijoLS(init_a=1.0,c1=1e-4,rho=0.5)'}",1e-06,2000,"[0.   , 0.488]","1.34908",47,410,48,"8.6167e-07",0,"Custom optimizer converged (assumed)"
"Функция Экли","{'a': 20, 'b': 0.2, 'c': 12.566370614359172}","","[-3. ,  1.5]","SciPy (Nelder-Mead)","{'method': 'Nelder-Mead'}",1e-06,1000,"[-2.993,  1.496]","7.54687",41,78,"0 (grad not used)","1.0889e-04",0,"Optimization terminated successfully."
"Функция Экли","{'a': 20, 'b': 0.2, 'c': 12.566370614359172}","","[-3. ,  1.5]","SciPy (BFGS)","{'method': 'BFGS'}",1e-06,1000,"[-3. ,  1.5]","7.55411",0,49,45,"1.7601e+00",2,"Desired error not necessarily achieved due to precision loss."
"Функция Экли","{'a': 20, 'b': 0.2, 'c': 12.566370614359172}","","[-3. ,  1.5]","SciPy (CG)","{'method': 'CG'}",1e-06,1000,"[-3. ,  1.5]","7.55411",0,49,45,"1.7601e+00",2,"Desired error not necessarily achieved due to precision loss."
"Функция Экли","{'a': 20, 'b': 0.2, 'c': 12.566370614359172}","","[-3. ,  1.5]","Torch (SGD Const LR)","{'learning_rate_config': {'type': 'constant', 'initial_lr': 0.001}}",1e-06,20000,"[-2.993,  1.496]","7.54687",61,62,62,"8.4966e-07",0,"Gradient norm below tolerance."
"Функция Экли","{'a': 20, 'b': 0.2, 'c': 12.566370614359172}","","[-3. ,  1.5]","Torch (SGD ExpDecay LR)","{'learning_rate_config': {'type': 'exponential', 'initial_lr': 0.01, 'decay_rate': 0.95, 'decay_steps': 100}}",1e-06,20000,"[-2.993,  1.496]","7.54687",299,300,300,"9.9271e-07",0,"Gradient norm below tolerance."
"Функция Экли","{'a': 20, 'b': 0.2, 'c': 12.566370614359172}","","[-3. ,  1.5]","Torch (SGD StepDecay LR)","{'learning_rate_config': {'type': 'step', 'initial_lr': 0.01, 'drop_rate': 0.5, 'epochs_drop': 500}}",1e-06,20000,"[-2.993,  1.496]","7.54687",506,507,507,"3.1660e-07",0,"Gradient norm below tolerance."
"Функция Экли","{'a': 20, 'b': 0.2, 'c': 12.566370614359172}","","[ 0.1, -0.2]","GD (Const LR=0.001)","{'learning_rate_config': 'constant_lr(0.001)'}",1e-06,2000,"[-0.   ,  0.002]","0.00475",2000,2001,2001,"3.1677e+00",0,"Custom optimizer converged (assumed)"
"Функция Экли","{'a': 20, 'b': 0.2, 'c': 12.566370614359172}","","[ 0.1, -0.2]","GD (Const LR=0.01)","{'learning_rate_config': 'constant_lr(0.01)'}",1e-06,2000,"[-0.052, -0.052]","0.71783",2000,2001,2001,"1.4773e+01",0,"Custom optimizer converged (assumed)"
"Функция Экли","{'a': 20, 'b': 0.2, 'c': 12.566370614359172}","","[ 0.1, -0.2]","GD (ExpDecay LR)","{'learning_rate_config': 'exponential_decay_lr(0.01, 0.95, 100)'}",1e-06,2000,"[-0.006, -0.006]","0.03046",2000,2001,2001,"4.5825e+00",0,"Custom optimizer converged (assumed)"
"Функция Экли","{'a': 20, 'b': 0.2, 'c': 12.566370614359172}","","[ 0.1, -0.2]","GD (StepDecay LR)","{'learning_rate_config': 'step_decay_lr(0.01, 0.5, 500)'}",1e-06,2000,"[0., 0.]","0.00000",1500,1501,1501,"0.0000e+00",0,"Custom optimizer converged (assumed)"
"Функция Экли","{'a': 20, 'b': 0.2, 'c': 12.566370614359172}","","[ 0.1, -0.2]","GD (LineSearch GS)","{'line_search_tol': 1e-07, 'learning_rate_config': 'GoldenSectionLineSearch'}",1e-06,2000,"[0.467, 0.512]","1.99533",2000,76001,2001,"6.5171e+00",0,"Custom optimizer converged (assumed)"
"Функция Экли","{'a': 20, 'b': 0.2, 'c': 12.566370614359172}","","[ 0.1, -0.2]","GD (Armijo LS)","{'initial_alpha': 1.0, 'c1_armijo': 0.0001, 'rho_armijo': 0.5, 'alpha_min_armijo': 1e-10, 'learning_rate_config': 'ArmijoLS(init_a=1.0,c1=1e-4,rho=0.5)'}",1e-06,2000,"[0., 0.]","0.00000",16,306,17,"2.8284e+00",0,"Custom optimizer converged (assumed)"
"Функция Экли","{'a': 20, 'b': 0.2, 'c': 12.566370614359172}","","[ 0.1, -0.2]","SciPy (Nelder-Mead)","{'method': 'Nelder-Mead'}",1e-06,1000,"[0., 0.]","0.00000",52,99,"0 (grad not used)","2.8285e+00",0,"Optimization terminated successfully."
"Функция Экли","{'a': 20, 'b': 0.2, 'c': 12.566370614359172}","","[ 0.1, -0.2]","SciPy (BFGS)","{'method': 'BFGS'}",1e-06,1000,"[0., 0.]","0.00000",42,140,128,"2.8284e+00",2,"Desired error not necessarily achieved due to precision loss."
"Функция Экли","{'a': 20, 'b': 0.2, 'c': 12.566370614359172}","","[ 0.1, -0.2]","SciPy (CG)","{'method': 'CG'}",1e-06,1000,"[0., 0.]","0.00000",35,133,121,"2.8284e+00",2,"Desired error not necessarily achieved due to precision loss."
"Функция Экли","{'a': 20, 'b': 0.2, 'c': 12.566370614359172}","","[ 0.1, -0.2]","Torch (SGD Const LR)","{'learning_rate_config': {'type': 'constant', 'initial_lr': 0.001}}",1e-06,20000,"[-0.001,  0.001]","0.00475",20000,20000,20000,"3.1677e+00",0,"Max iterations reached."
"Функция Экли","{'a': 20, 'b': 0.2, 'c': 12.566370614359172}","","[ 0.1, -0.2]","Torch (SGD ExpDecay LR)","{'learning_rate_config': {'type': 'exponential', 'initial_lr': 0.01, 'decay_rate': 0.95, 'decay_steps': 100}}",1e-06,20000,"[0., 0.]","0.00000",20000,20000,20000,"2.8285e+00",0,"Max iterations reached."
"Функция Экли","{'a': 20, 'b': 0.2, 'c': 12.566370614359172}","","[ 0.1, -0.2]","Torch (SGD StepDecay LR)","{'learning_rate_config': {'type': 'step', 'initial_lr': 0.01, 'drop_rate': 0.5, 'epochs_drop': 500}}",1e-06,20000,"[0., 0.]","0.00000",20000,20000,20000,"2.8284e+00",0,"Max iterations reached."
"Функция Экли","{'a': 20, 'b': 0.2, 'c': 12.566370614359172}","","[-4, -4]","GD (Const LR=0.001)","{'learning_rate_config': 'constant_lr(0.001)'}",1e-06,2000,"[-3.996, -3.996]","11.00965",59,60,60,"8.9994e-07",0,"Custom optimizer converged (assumed)"
"Функция Экли","{'a': 20, 'b': 0.2, 'c': 12.566370614359172}","","[-4, -4]","GD (Const LR=0.01)","{'learning_rate_config': 'constant_lr(0.01)'}",1e-06,2000,"[-4.019, -4.019]","11.12566",2000,2001,2001,"6.8779e+00",0,"Custom optimizer converged (assumed)"
"Функция Экли","{'a': 20, 'b': 0.2, 'c': 12.566370614359172}","","[-4, -4]","GD (ExpDecay LR)","{'learning_rate_config': 'exponential_decay_lr(0.01, 0.95, 100)'}",1e-06,2000,"[-3.996, -3.996]","11.00965",292,293,293,"8.4729e-07",0,"Custom optimizer converged (assumed)"
"Функция Экли","{'a': 20, 'b': 0.2, 'c': 12.566370614359172}","","[-4, -4]","GD (StepDecay LR)","{'learning_rate_config': 'step_decay_lr(0.01, 0.5, 500)'}",1e-06,2000,"[-3.996, -3.996]","11.00965",505,506,506,"3.3987e-07",0,"Custom optimizer converged (assumed)"
"Функция Экли","{'a': 20, 'b': 0.2, 'c': 12.566370614359172}","","[-4, -4]","GD (LineSearch GS)","{'line_search_tol': 1e-07, 'learning_rate_config': 'GoldenSectionLineSearch'}",1e-06,2000,"[-3.495, -3.495]","10.06369",2,77,3,"6.6359e-07",0,"Custom optimizer converged (assumed)"
"Функция Экли","{'a': 20, 'b': 0.2, 'c': 12.566370614359172}","","[-4, -4]","GD (Armijo LS)","{'initial_alpha': 1.0, 'c1_armijo': 0.0001, 'rho_armijo': 0.5, 'alpha_min_armijo': 1e-10, 'learning_rate_config': 'ArmijoLS(init_a=1.0,c1=1e-4,rho=0.5)'}",1e-06,2000,"[0., 0.]","0.00000",24,427,25,"2.8284e+00",0,"Custom optimizer converged (assumed)"
"Функция Экли","{'a': 20, 'b': 0.2, 'c': 12.566370614359172}","","[-4, -4]","SciPy (Nelder-Mead)","{'method': 'Nelder-Mead'}",1e-06,1000,"[-3.996, -3.996]","11.00965",41,80,"0 (grad not used)","6.1096e-05",0,"Optimization terminated successfully."
"Функция Экли","{'a': 20, 'b': 0.2, 'c': 12.566370614359172}","","[-4, -4]","SciPy (BFGS)","{'method': 'BFGS'}",1e-06,1000,"[-3.996, -3.996]","11.00965",3,6,6,"2.4430e-07",0,"Optimization terminated successfully."
"Функция Экли","{'a': 20, 'b': 0.2, 'c': 12.566370614359172}","","[-4, -4]","SciPy (CG)","{'method': 'CG'}",1e-06,1000,"[-3.996, -3.996]","11.00965",4,10,10,"2.3708e-14",0,"Optimization terminated successfully."
"Функция Экли","{'a': 20, 'b': 0.2, 'c': 12.566370614359172}","","[-4, -4]","Torch (SGD Const LR)","{'learning_rate_config': {'type': 'constant', 'initial_lr': 0.001}}",1e-06,20000,"[-3.996, -3.996]","11.00965",59,60,60,"8.9994e-07",0,"Gradient norm below tolerance."
"Функция Экли","{'a': 20, 'b': 0.2, 'c': 12.566370614359172}","","[-4, -4]","Torch (SGD ExpDecay LR)","{'learning_rate_config': {'type': 'exponential', 'initial_lr': 0.01, 'decay_rate': 0.95, 'decay_steps': 100}}",1e-06,20000,"[-3.996, -3.996]","11.00965",292,293,293,"8.4729e-07",0,"Gradient norm below tolerance."
"Функция Экли","{'a': 20, 'b': 0.2, 'c': 12.566370614359172}","","[-4, -4]","Torch (SGD StepDecay LR)","{'learning_rate_config': {'type': 'step', 'initial_lr': 0.01, 'drop_rate': 0.5, 'epochs_drop': 500}}",1e-06,20000,"[-3.996, -3.996]","11.00965",506,507,507,"3.3987e-07",0,"Gradient norm below tolerance."
